"STATION","DATE","LATITUDE","LONGITUDE","ELEVATION","NAME","month","day","hour","MLY-TAVG-NORMAL","meas_flag_MLY-TAVG-NORMAL","comp_flag_MLY-TAVG-NORMAL","years_MLY-TAVG-NORMAL","MLY-TMAX-NORMAL","meas_flag_MLY-TMAX-NORMAL","comp_flag_MLY-TMAX-NORMAL","years_MLY-TMAX-NORMAL","MLY-TMIN-NORMAL","meas_flag_MLY-TMIN-NORMAL","comp_flag_MLY-TMIN-NORMAL","years_MLY-TMIN-NORMAL","MLY-DUTR-NORMAL","meas_flag_MLY-DUTR-NORMAL","comp_flag_MLY-DUTR-NORMAL","years_MLY-DUTR-NORMAL","MLY-TAVG-STDDEV","meas_flag_MLY-TAVG-STDDEV","comp_flag_MLY-TAVG-STDDEV","years_MLY-TAVG-STDDEV","MLY-TMAX-STDDEV","meas_flag_MLY-TMAX-STDDEV","comp_flag_MLY-TMAX-STDDEV","years_MLY-TMAX-STDDEV","MLY-TMIN-STDDEV","meas_flag_MLY-TMIN-STDDEV","comp_flag_MLY-TMIN-STDDEV","years_MLY-TMIN-STDDEV","MLY-DUTR-STDDEV","meas_flag_MLY-DUTR-STDDEV","comp_flag_MLY-DUTR-STDDEV","years_MLY-DUTR-STDDEV","MLY-TMIN-AVGNDS-LSTH000","meas_flag_MLY-TMIN-AVGNDS-LSTH000","comp_flag_MLY-TMIN-AVGNDS-LSTH000","years_MLY-TMIN-AVGNDS-LSTH000","MLY-TMIN-AVGNDS-LSTH010","meas_flag_MLY-TMIN-AVGNDS-LSTH010","comp_flag_MLY-TMIN-AVGNDS-LSTH010","years_MLY-TMIN-AVGNDS-LSTH010","MLY-TMIN-AVGNDS-LSTH020","meas_flag_MLY-TMIN-AVGNDS-LSTH020","comp_flag_MLY-TMIN-AVGNDS-LSTH020","years_MLY-TMIN-AVGNDS-LSTH020","MLY-TMIN-AVGNDS-LSTH032","meas_flag_MLY-TMIN-AVGNDS-LSTH032","comp_flag_MLY-TMIN-AVGNDS-LSTH032","years_MLY-TMIN-AVGNDS-LSTH032","MLY-TMIN-AVGNDS-LSTH040","meas_flag_MLY-TMIN-AVGNDS-LSTH040","comp_flag_MLY-TMIN-AVGNDS-LSTH040","years_MLY-TMIN-AVGNDS-LSTH040","MLY-TMIN-AVGNDS-LSTH050","meas_flag_MLY-TMIN-AVGNDS-LSTH050","comp_flag_MLY-TMIN-AVGNDS-LSTH050","years_MLY-TMIN-AVGNDS-LSTH050","MLY-TMIN-AVGNDS-LSTH060","meas_flag_MLY-TMIN-AVGNDS-LSTH060","comp_flag_MLY-TMIN-AVGNDS-LSTH060","years_MLY-TMIN-AVGNDS-LSTH060","MLY-TMIN-AVGNDS-LSTH070","meas_flag_MLY-TMIN-AVGNDS-LSTH070","comp_flag_MLY-TMIN-AVGNDS-LSTH070","years_MLY-TMIN-AVGNDS-LSTH070","MLY-TMAX-AVGNDS-GRTH032","meas_flag_MLY-TMAX-AVGNDS-GRTH032","comp_flag_MLY-TMAX-AVGNDS-GRTH032","years_MLY-TMAX-AVGNDS-GRTH032","MLY-TMAX-AVGNDS-GRTH040","meas_flag_MLY-TMAX-AVGNDS-GRTH040","comp_flag_MLY-TMAX-AVGNDS-GRTH040","years_MLY-TMAX-AVGNDS-GRTH040","MLY-TMAX-AVGNDS-GRTH050","meas_flag_MLY-TMAX-AVGNDS-GRTH050","comp_flag_MLY-TMAX-AVGNDS-GRTH050","years_MLY-TMAX-AVGNDS-GRTH050","MLY-TMAX-AVGNDS-GRTH060","meas_flag_MLY-TMAX-AVGNDS-GRTH060","comp_flag_MLY-TMAX-AVGNDS-GRTH060","years_MLY-TMAX-AVGNDS-GRTH060","MLY-TMAX-AVGNDS-GRTH070","meas_flag_MLY-TMAX-AVGNDS-GRTH070","comp_flag_MLY-TMAX-AVGNDS-GRTH070","years_MLY-TMAX-AVGNDS-GRTH070","MLY-TMAX-AVGNDS-GRTH080","meas_flag_MLY-TMAX-AVGNDS-GRTH080","comp_flag_MLY-TMAX-AVGNDS-GRTH080","years_MLY-TMAX-AVGNDS-GRTH080","MLY-TMAX-AVGNDS-GRTH090","meas_flag_MLY-TMAX-AVGNDS-GRTH090","comp_flag_MLY-TMAX-AVGNDS-GRTH090","years_MLY-TMAX-AVGNDS-GRTH090","MLY-TMAX-AVGNDS-GRTH100","meas_flag_MLY-TMAX-AVGNDS-GRTH100","comp_flag_MLY-TMAX-AVGNDS-GRTH100","years_MLY-TMAX-AVGNDS-GRTH100","MLY-TMAX-AVGNDS-LSTH032","meas_flag_MLY-TMAX-AVGNDS-LSTH032","comp_flag_MLY-TMAX-AVGNDS-LSTH032","years_MLY-TMAX-AVGNDS-LSTH032","MLY-HTDD-NORMAL","meas_flag_MLY-HTDD-NORMAL","comp_flag_MLY-HTDD-NORMAL","years_MLY-HTDD-NORMAL","MLY-HTDD-BASE40","meas_flag_MLY-HTDD-BASE40","comp_flag_MLY-HTDD-BASE40","years_MLY-HTDD-BASE40","MLY-HTDD-BASE45","meas_flag_MLY-HTDD-BASE45","comp_flag_MLY-HTDD-BASE45","years_MLY-HTDD-BASE45","MLY-HTDD-BASE50","meas_flag_MLY-HTDD-BASE50","comp_flag_MLY-HTDD-BASE50","years_MLY-HTDD-BASE50","MLY-HTDD-BASE55","meas_flag_MLY-HTDD-BASE55","comp_flag_MLY-HTDD-BASE55","years_MLY-HTDD-BASE55","MLY-HTDD-BASE57","meas_flag_MLY-HTDD-BASE57","comp_flag_MLY-HTDD-BASE57","years_MLY-HTDD-BASE57","MLY-HTDD-BASE60","meas_flag_MLY-HTDD-BASE60","comp_flag_MLY-HTDD-BASE60","years_MLY-HTDD-BASE60","MLY-CLDD-NORMAL","meas_flag_MLY-CLDD-NORMAL","comp_flag_MLY-CLDD-NORMAL","years_MLY-CLDD-NORMAL","MLY-CLDD-BASE40","meas_flag_MLY-CLDD-BASE40","comp_flag_MLY-CLDD-BASE40","years_MLY-CLDD-BASE40","MLY-CLDD-BASE45","meas_flag_MLY-CLDD-BASE45","comp_flag_MLY-CLDD-BASE45","years_MLY-CLDD-BASE45","MLY-CLDD-BASE50","meas_flag_MLY-CLDD-BASE50","comp_flag_MLY-CLDD-BASE50","years_MLY-CLDD-BASE50","MLY-CLDD-BASE55","meas_flag_MLY-CLDD-BASE55","comp_flag_MLY-CLDD-BASE55","years_MLY-CLDD-BASE55","MLY-CLDD-BASE57","meas_flag_MLY-CLDD-BASE57","comp_flag_MLY-CLDD-BASE57","years_MLY-CLDD-BASE57","MLY-CLDD-BASE60","meas_flag_MLY-CLDD-BASE60","comp_flag_MLY-CLDD-BASE60","years_MLY-CLDD-BASE60","MLY-CLDD-BASE70","meas_flag_MLY-CLDD-BASE70","comp_flag_MLY-CLDD-BASE70","years_MLY-CLDD-BASE70","MLY-CLDD-BASE72","meas_flag_MLY-CLDD-BASE72","comp_flag_MLY-CLDD-BASE72","years_MLY-CLDD-BASE72","MLY-GRDD-BASE65","meas_flag_MLY-GRDD-BASE65","comp_flag_MLY-GRDD-BASE65","years_MLY-GRDD-BASE65","MLY-GRDD-BASE40","meas_flag_MLY-GRDD-BASE40","comp_flag_MLY-GRDD-BASE40","years_MLY-GRDD-BASE40","MLY-GRDD-BASE45","meas_flag_MLY-GRDD-BASE45","comp_flag_MLY-GRDD-BASE45","years_MLY-GRDD-BASE45","MLY-GRDD-BASE50","meas_flag_MLY-GRDD-BASE50","comp_flag_MLY-GRDD-BASE50","years_MLY-GRDD-BASE50","MLY-GRDD-BASE55","meas_flag_MLY-GRDD-BASE55","comp_flag_MLY-GRDD-BASE55","years_MLY-GRDD-BASE55","MLY-GRDD-BASE57","meas_flag_MLY-GRDD-BASE57","comp_flag_MLY-GRDD-BASE57","years_MLY-GRDD-BASE57","MLY-GRDD-BASE60","meas_flag_MLY-GRDD-BASE60","comp_flag_MLY-GRDD-BASE60","years_MLY-GRDD-BASE60","MLY-GRDD-BASE70","meas_flag_MLY-GRDD-BASE70","comp_flag_MLY-GRDD-BASE70","years_MLY-GRDD-BASE70","MLY-GRDD-BASE72","meas_flag_MLY-GRDD-BASE72","comp_flag_MLY-GRDD-BASE72","years_MLY-GRDD-BASE72","MLY-GRDD-TB4886","meas_flag_MLY-GRDD-TB4886","comp_flag_MLY-GRDD-TB4886","years_MLY-GRDD-TB4886","MLY-GRDD-TB5086","meas_flag_MLY-GRDD-TB5086","comp_flag_MLY-GRDD-TB5086","years_MLY-GRDD-TB5086","MLY-TMIN-PRBOCC-LSTH016","meas_flag_MLY-TMIN-PRBOCC-LSTH016","comp_flag_MLY-TMIN-PRBOCC-LSTH016","years_MLY-TMIN-PRBOCC-LSTH016","MLY-TMIN-PRBOCC-LSTH020","meas_flag_MLY-TMIN-PRBOCC-LSTH020","comp_flag_MLY-TMIN-PRBOCC-LSTH020","years_MLY-TMIN-PRBOCC-LSTH020","MLY-TMIN-PRBOCC-LSTH024","meas_flag_MLY-TMIN-PRBOCC-LSTH024","comp_flag_MLY-TMIN-PRBOCC-LSTH024","years_MLY-TMIN-PRBOCC-LSTH024","MLY-TMIN-PRBOCC-LSTH028","meas_flag_MLY-TMIN-PRBOCC-LSTH028","comp_flag_MLY-TMIN-PRBOCC-LSTH028","years_MLY-TMIN-PRBOCC-LSTH028","MLY-TMIN-PRBOCC-LSTH032","meas_flag_MLY-TMIN-PRBOCC-LSTH032","comp_flag_MLY-TMIN-PRBOCC-LSTH032","years_MLY-TMIN-PRBOCC-LSTH032","MLY-TMIN-PRBOCC-LSTH036","meas_flag_MLY-TMIN-PRBOCC-LSTH036","comp_flag_MLY-TMIN-PRBOCC-LSTH036","years_MLY-TMIN-PRBOCC-LSTH036","MLY-PRCP-NORMAL","meas_flag_MLY-PRCP-NORMAL","comp_flag_MLY-PRCP-NORMAL","years_MLY-PRCP-NORMAL","MLY-PRCP-AVGNDS-GE001HI","meas_flag_MLY-PRCP-AVGNDS-GE001HI","comp_flag_MLY-PRCP-AVGNDS-GE001HI","years_MLY-PRCP-AVGNDS-GE001HI","MLY-PRCP-AVGNDS-GE010HI","meas_flag_MLY-PRCP-AVGNDS-GE010HI","comp_flag_MLY-PRCP-AVGNDS-GE010HI","years_MLY-PRCP-AVGNDS-GE010HI","MLY-PRCP-AVGNDS-GE025HI","meas_flag_MLY-PRCP-AVGNDS-GE025HI","comp_flag_MLY-PRCP-AVGNDS-GE025HI","years_MLY-PRCP-AVGNDS-GE025HI","MLY-PRCP-AVGNDS-GE050HI","meas_flag_MLY-PRCP-AVGNDS-GE050HI","comp_flag_MLY-PRCP-AVGNDS-GE050HI","years_MLY-PRCP-AVGNDS-GE050HI","MLY-PRCP-AVGNDS-GE100HI","meas_flag_MLY-PRCP-AVGNDS-GE100HI","comp_flag_MLY-PRCP-AVGNDS-GE100HI","years_MLY-PRCP-AVGNDS-GE100HI","MLY-PRCP-AVGNDS-GE200HI","meas_flag_MLY-PRCP-AVGNDS-GE200HI","comp_flag_MLY-PRCP-AVGNDS-GE200HI","years_MLY-PRCP-AVGNDS-GE200HI","MLY-PRCP-AVGNDS-GE400HI","meas_flag_MLY-PRCP-AVGNDS-GE400HI","comp_flag_MLY-PRCP-AVGNDS-GE400HI","years_MLY-PRCP-AVGNDS-GE400HI","MLY-PRCP-AVGNDS-GE600HI","meas_flag_MLY-PRCP-AVGNDS-GE600HI","comp_flag_MLY-PRCP-AVGNDS-GE600HI","years_MLY-PRCP-AVGNDS-GE600HI","MLY-PRCP-25PCTL","meas_flag_MLY-PRCP-25PCTL","comp_flag_MLY-PRCP-25PCTL","years_MLY-PRCP-25PCTL","MLY-PRCP-50PCTL","meas_flag_MLY-PRCP-50PCTL","comp_flag_MLY-PRCP-50PCTL","years_MLY-PRCP-50PCTL","MLY-PRCP-75PCTL","meas_flag_MLY-PRCP-75PCTL","comp_flag_MLY-PRCP-75PCTL","years_MLY-PRCP-75PCTL","MLY-PRCP-20PCTL","meas_flag_MLY-PRCP-20PCTL","comp_flag_MLY-PRCP-20PCTL","years_MLY-PRCP-20PCTL","MLY-PRCP-40PCTL","meas_flag_MLY-PRCP-40PCTL","comp_flag_MLY-PRCP-40PCTL","years_MLY-PRCP-40PCTL","MLY-PRCP-60PCTL","meas_flag_MLY-PRCP-60PCTL","comp_flag_MLY-PRCP-60PCTL","years_MLY-PRCP-60PCTL","MLY-PRCP-80PCTL","meas_flag_MLY-PRCP-80PCTL","comp_flag_MLY-PRCP-80PCTL","years_MLY-PRCP-80PCTL","MLY-PRCP-33PCTL","meas_flag_MLY-PRCP-33PCTL","comp_flag_MLY-PRCP-33PCTL","years_MLY-PRCP-33PCTL","MLY-PRCP-67PCTL","meas_flag_MLY-PRCP-67PCTL","comp_flag_MLY-PRCP-67PCTL","years_MLY-PRCP-67PCTL","MLY-SNOW-NORMAL","meas_flag_MLY-SNOW-NORMAL","comp_flag_MLY-SNOW-NORMAL","years_MLY-SNOW-NORMAL","MLY-SNOW-AVGNDS-GE001TI","meas_flag_MLY-SNOW-AVGNDS-GE001TI","comp_flag_MLY-SNOW-AVGNDS-GE001TI","years_MLY-SNOW-AVGNDS-GE001TI","MLY-SNOW-AVGNDS-GE010TI","meas_flag_MLY-SNOW-AVGNDS-GE010TI","comp_flag_MLY-SNOW-AVGNDS-GE010TI","years_MLY-SNOW-AVGNDS-GE010TI","MLY-SNOW-AVGNDS-GE020TI","meas_flag_MLY-SNOW-AVGNDS-GE020TI","comp_flag_MLY-SNOW-AVGNDS-GE020TI","years_MLY-SNOW-AVGNDS-GE020TI","MLY-SNOW-AVGNDS-GE030TI","meas_flag_MLY-SNOW-AVGNDS-GE030TI","comp_flag_MLY-SNOW-AVGNDS-GE030TI","years_MLY-SNOW-AVGNDS-GE030TI","MLY-SNOW-AVGNDS-GE040TI","meas_flag_MLY-SNOW-AVGNDS-GE040TI","comp_flag_MLY-SNOW-AVGNDS-GE040TI","years_MLY-SNOW-AVGNDS-GE040TI","MLY-SNOW-AVGNDS-GE050TI","meas_flag_MLY-SNOW-AVGNDS-GE050TI","comp_flag_MLY-SNOW-AVGNDS-GE050TI","years_MLY-SNOW-AVGNDS-GE050TI","MLY-SNOW-AVGNDS-GE100TI","meas_flag_MLY-SNOW-AVGNDS-GE100TI","comp_flag_MLY-SNOW-AVGNDS-GE100TI","years_MLY-SNOW-AVGNDS-GE100TI","MLY-SNOW-AVGNDS-GE200TI","meas_flag_MLY-SNOW-AVGNDS-GE200TI","comp_flag_MLY-SNOW-AVGNDS-GE200TI","years_MLY-SNOW-AVGNDS-GE200TI","MLY-SNOW-25PCTL","meas_flag_MLY-SNOW-25PCTL","comp_flag_MLY-SNOW-25PCTL","years_MLY-SNOW-25PCTL","MLY-SNOW-50PCTL","meas_flag_MLY-SNOW-50PCTL","comp_flag_MLY-SNOW-50PCTL","years_MLY-SNOW-50PCTL","MLY-SNOW-75PCTL","meas_flag_MLY-SNOW-75PCTL","comp_flag_MLY-SNOW-75PCTL","years_MLY-SNOW-75PCTL","MLY-SNOW-20PCTL","meas_flag_MLY-SNOW-20PCTL","comp_flag_MLY-SNOW-20PCTL","years_MLY-SNOW-20PCTL","MLY-SNOW-40PCTL","meas_flag_MLY-SNOW-40PCTL","comp_flag_MLY-SNOW-40PCTL","years_MLY-SNOW-40PCTL","MLY-SNOW-60PCTL","meas_flag_MLY-SNOW-60PCTL","comp_flag_MLY-SNOW-60PCTL","years_MLY-SNOW-60PCTL","MLY-SNOW-80PCTL","meas_flag_MLY-SNOW-80PCTL","comp_flag_MLY-SNOW-80PCTL","years_MLY-SNOW-80PCTL","MLY-SNOW-33PCTL","meas_flag_MLY-SNOW-33PCTL","comp_flag_MLY-SNOW-33PCTL","years_MLY-SNOW-33PCTL","MLY-SNOW-67PCTL","meas_flag_MLY-SNOW-67PCTL","comp_flag_MLY-SNOW-67PCTL","years_MLY-SNOW-67PCTL","MLY-SNWD-AVGNDS-GE001WI","meas_flag_MLY-SNWD-AVGNDS-GE001WI","comp_flag_MLY-SNWD-AVGNDS-GE001WI","years_MLY-SNWD-AVGNDS-GE001WI","MLY-SNWD-AVGNDS-GE002WI","meas_flag_MLY-SNWD-AVGNDS-GE002WI","comp_flag_MLY-SNWD-AVGNDS-GE002WI","years_MLY-SNWD-AVGNDS-GE002WI","MLY-SNWD-AVGNDS-GE003WI","meas_flag_MLY-SNWD-AVGNDS-GE003WI","comp_flag_MLY-SNWD-AVGNDS-GE003WI","years_MLY-SNWD-AVGNDS-GE003WI","MLY-SNWD-AVGNDS-GE004WI","meas_flag_MLY-SNWD-AVGNDS-GE004WI","comp_flag_MLY-SNWD-AVGNDS-GE004WI","years_MLY-SNWD-AVGNDS-GE004WI","MLY-SNWD-AVGNDS-GE005WI","meas_flag_MLY-SNWD-AVGNDS-GE005WI","comp_flag_MLY-SNWD-AVGNDS-GE005WI","years_MLY-SNWD-AVGNDS-GE005WI","MLY-SNWD-AVGNDS-GE010WI","meas_flag_MLY-SNWD-AVGNDS-GE010WI","comp_flag_MLY-SNWD-AVGNDS-GE010WI","years_MLY-SNWD-AVGNDS-GE010WI","MLY-SNWD-AVGNDS-GE020WI","meas_flag_MLY-SNWD-AVGNDS-GE020WI","comp_flag_MLY-SNWD-AVGNDS-GE020WI","years_MLY-SNWD-AVGNDS-GE020WI"
"USC00413734","01"," 33.1678"," -96.0983"," 166.1","GREENVILLE KGVL RADIO, TX US","01","99","99","    45.5"," ","R","22","    57.8"," ","R","22","    33.3"," ","S","25","    24.5"," ","R","22","     2.9"," ","R","22","     3.3"," ","R","22","     3.1"," ","S","25","     2.7"," ","R","22","     0.0"," ","S","25","     0.3"," ","S","25","     3.3"," ","S","25","    16.9"," ","S","25","    24.9"," ","S","25","    29.4"," ","S","25","    30.6"," ","S","25","    31.0"," ","S","25","    30.4"," ","R","22","    27.7"," ","R","22","    21.1"," ","R","22","    13.2"," ","R","22","     3.9"," ","R","22","     0.1"," ","R","22","     0.0"," ","R","22","     0.0"," ","R","22","     0.7"," ","R","22","   605.4"," ","R","22","    51.4"," ","R","22","   111.1"," ","R","22","   201.5"," ","R","22","   320.4"," ","R","22","   373.8"," ","R","22","   458.2"," ","R","22","     2.5"," ","R","22","   223.6"," ","R","22","   128.4"," ","R","22","    63.8"," ","R","22","    27.7"," ","R","22","    19.1"," ","R","22","    10.4"," ","R","22","     0.4"," ","R","22","     0.1"," ","R","22","     2.5"," ","R","22","   223.6"," ","R","22","   128.4"," ","R","22","    63.8"," ","R","22","    27.7"," ","R","22","    19.1"," ","R","22","    10.4"," ","R","22","     0.4"," ","R","22","     0.1"," ","R","22","   180.0"," ","R","22","   154.9"," ","R","22","    32.2"," ","S","25","    57.6"," ","S","25","    85.4"," ","S","25","    98.1"," ","S","25","   100.0"," ","S","25","   100.0"," ","S","25","    3.16"," ","R","15","     6.4"," ","S","25","     5.2"," ","S","25","     3.6"," ","S","25","     2.2"," ","S","25","     1.0"," ","S","25","     0.2"," ","S","25","     0.0"," ","S","25","     0.0"," ","S","25","    1.69"," ","R","15","    2.86"," ","R","15","    4.55"," ","R","15","    1.49"," ","R","15","    2.22"," ","R","15","    3.62"," ","R","15","    4.83"," ","R","15","    1.98"," ","R","15","    4.07"," ","R","15","     0.0","X","P","14","     0.1"," ","P","18","     0.0"," ","P","18","     0.0"," ","P","18","     0.0"," ","P","18","     0.0"," ","P","18","     0.0"," ","P","18","     0.0"," ","P","18","     0.0"," ","P","18","     0.0"," ","P","14","     0.0"," ","P","14","     0.0"," ","P","14","     0.0"," ","P","14","     0.0"," ","P","14","     0.0"," ","P","14","     0.0"," ","P","14","     0.0"," ","P","14","     0.0"," ","P","14","     0.0"," ","P","18","     0.0"," ","P","18","     0.0"," ","P","18","     0.0"," ","P","18","     0.0"," ","P","18","     0.0"," ","P","18","     0.0"," ","P","18"
"USC00413734","02"," 33.1678"," -96.0983"," 166.1","GREENVILLE KGVL RADIO, TX US","02","99","99","    49.4"," ","R","23","    61.7"," ","R","23","    37.2"," ","S","28","    24.5"," ","R","23","     3.7"," ","R","23","     4.8"," ","R","23","     3.3"," ","S","28","     3.4"," ","R","23","     0.0"," ","S","28","     0.1"," ","S","28","     1.0"," ","S","28","    10.1"," ","S","28","    19.5"," ","S","28","    25.3"," ","S","28","    27.3"," ","S","28","    28.0"," ","S","28","    27.5"," ","R","23","    26.4"," ","R","23","    21.9"," ","R","23","    15.3"," ","R","23","     7.1"," ","R","23","     0.8"," ","R","23","     0.0","X","R","23","     0.0"," ","R","23","     0.6"," ","R","23","   441.1"," ","R","23","    24.5"," ","R","23","    58.5"," ","R","23","   119.6"," ","R","23","   206.7"," ","R","23","   248.0"," ","R","23","   316.1"," ","R","23","     5.7"," ","R","23","   289.1"," ","R","23","   183.2"," ","R","23","   104.2"," ","R","23","    51.4"," ","R","23","    36.7"," ","R","23","    20.7"," ","R","23","     1.3"," ","R","23","     0.4"," ","R","23","     5.7"," ","R","23","   289.1"," ","R","23","   183.2"," ","R","23","   104.2"," ","R","23","    51.4"," ","R","23","    36.7"," ","R","23","    20.7"," ","R","23","     1.3"," ","R","23","     0.4"," ","R","23","   216.8"," ","R","23","   190.1"," ","R","23","    16.2"," ","S","28","    34.7"," ","S","28","    62.2"," ","S","28","    89.4"," ","S","28","    97.9"," ","S","28","    99.8"," ","S","28","    3.46"," ","R","20","     7.0"," ","S","27","     5.5"," ","S","27","     3.7"," ","S","27","     2.2"," ","S","27","     1.2"," ","S","27","     0.3"," ","S","27","     0.0","X","S","27","     0.0"," ","S","27","    2.18"," ","R","20","    2.99"," ","R","20","    4.15"," ","R","20","    2.06"," ","R","20","    2.83"," ","R","20","    3.49"," ","R","20","    4.43"," ","R","20","    2.41"," ","R","20","    3.81"," ","R","20","     0.1"," ","P","15","     0.1"," ","P","19","     0.0"," ","P","19","     0.0"," ","P","19","     0.0"," ","P","19","     0.0"," ","P","19","     0.0"," ","P","19","     0.0"," ","P","19","     0.0"," ","P","19","     0.0"," ","P","15","     0.0"," ","P","15","     0.0"," ","P","15","     0.0"," ","P","15","     0.0"," ","P","15","     0.0"," ","P","15","     0.0"," ","P","15","     0.0"," ","P","15","     0.0"," ","P","15","     0.1"," ","P","18","     0.1"," ","P","18","     0.1"," ","P","18","     0.1"," ","P","18","     0.1"," ","P","18","     0.0"," ","P","18","     0.0"," ","P","18"
"USC00413734","03"," 33.1678"," -96.0983"," 166.1","GREENVILLE KGVL RADIO, TX US","03","99","99","    56.7"," ","R","22","    69.3"," ","R","22","    44.2"," ","S","26","    25.1"," ","R","22","     3.1"," ","R","22","     3.2"," ","R","22","     3.4"," ","S","26","     2.3"," ","R","22","     0.0"," ","S","26","     0.1"," ","S","26","     0.4"," ","S","26","     4.1"," ","S","26","    12.4"," ","S","26","    22.8"," ","S","26","    29.0"," ","S","26","    31.0"," ","S","26","    30.9"," ","R","22","    30.4"," ","R","22","    29.0"," ","R","22","    23.7"," ","R","22","    15.1"," ","R","22","     3.9"," ","R","22","     0.0","X","R","22","     0.0"," ","R","22","     0.1"," ","R","22","   281.6"," ","R","22","     7.1"," ","R","22","    17.9"," ","R","22","    42.7"," ","R","22","    91.5"," ","R","22","   119.0"," ","R","22","   171.1"," ","R","22","    25.9"," ","R","22","   526.4"," ","R","22","   382.2"," ","R","22","   251.9"," ","R","22","   145.8"," ","R","22","   111.3"," ","R","22","    70.4"," ","R","22","     6.0"," ","R","22","     2.5"," ","R","22","    25.9"," ","R","22","   526.4"," ","R","22","   382.2"," ","R","22","   251.9"," ","R","22","   145.8"," ","R","22","   111.3"," ","R","22","    70.4"," ","R","22","     6.0"," ","R","22","     2.5"," ","R","22","   370.8"," ","R","22","   331.6"," ","R","22","     3.1"," ","S","26","    12.8"," ","S","26","    34.2"," ","S","26","    60.1"," ","S","26","    85.0"," ","S","26","    96.8"," ","S","26","    4.42"," ","R","18","     7.5"," ","S","26","     6.0"," ","S","26","     4.4"," ","S","26","     2.8"," ","S","26","     1.2"," ","S","26","     0.5"," ","S","26","     0.1"," ","S","26","     0.0"," ","S","26","    2.39"," ","R","18","    4.27"," ","R","18","    6.55"," ","R","18","    2.05"," ","R","18","    3.71"," ","R","18","    4.46"," ","R","18","    6.93"," ","R","18","    2.91"," ","R","18","    4.86"," ","R","18","     0.0"," ","P","16","     0.0"," ","P","18","     0.0"," ","P","18","     0.0"," ","P","18","     0.0"," ","P","18","     0.0"," ","P","18","     0.0"," ","P","18","     0.0"," ","P","18","     0.0"," ","P","18","     0.0"," ","P","16","     0.0"," ","P","16","     0.0"," ","P","16","     0.0"," ","P","16","     0.0"," ","P","16","     0.0"," ","P","16","     0.0"," ","P","16","     0.0"," ","P","16","     0.0"," ","P","16","     0.0"," ","P","18","     0.0"," ","P","18","     0.0"," ","P","18","     0.0"," ","P","18","     0.0"," ","P","18","     0.0"," ","P","18","     0.0"," ","P","18"
"USC00413734","04"," 33.1678"," -96.0983"," 166.1","GREENVILLE KGVL RADIO, TX US","04","99","99","    64.8"," ","R","23","    77.4"," ","R","23","    52.2"," ","S","27","    25.2"," ","R","23","     2.9"," ","R","23","     2.7"," ","R","23","     3.5"," ","S","27","     2.3"," ","R","23","     0.0"," ","S","27","     0.0"," ","S","27","     0.0"," ","S","27","     0.3"," ","S","27","     3.9"," ","S","27","    13.7"," ","S","27","    23.8"," ","S","27","    29.9"," ","S","27","    30.0"," ","R","23","    30.0"," ","R","23","    29.9"," ","R","23","    28.5"," ","R","23","    24.4"," ","R","23","    10.6"," ","R","23","     0.3"," ","R","23","     0.0"," ","R","23","     0.0"," ","R","23","    98.4"," ","R","23","     0.0","X","R","23","     0.8"," ","R","23","     3.9"," ","R","23","    14.6"," ","R","23","    22.8"," ","R","23","    41.6"," ","R","23","    92.5"," ","R","23","   744.0"," ","R","23","   594.8"," ","R","23","   447.9"," ","R","23","   308.7"," ","R","23","   256.8"," ","R","23","   185.6"," ","R","23","    31.6"," ","R","23","    17.8"," ","R","23","    92.5"," ","R","23","   744.0"," ","R","23","   594.8"," ","R","23","   447.9"," ","R","23","   308.7"," ","R","23","   256.8"," ","R","23","   185.6"," ","R","23","    31.6"," ","R","23","    17.8"," ","R","23","   531.9"," ","R","23","   483.6"," ","R","23","     0.0"," ","S","27","     0.0"," ","S","27","     0.0"," ","S","27","     3.0"," ","S","27","    18.9"," ","S","27","    50.6"," ","S","27","    4.12"," ","R","20","     6.7"," ","S","26","     5.2"," ","S","26","     3.9"," ","S","26","     2.7"," ","S","26","     1.1"," ","S","26","     0.4"," ","S","26","     0.0"," ","S","26","     0.0"," ","S","26","    1.91"," ","R","20","    3.47"," ","R","20","    5.60"," ","R","20","    1.82"," ","R","20","    2.60"," ","R","20","    4.61"," ","R","20","    5.95"," ","R","20","    2.21"," ","R","20","    4.85"," ","R","20","     0.0"," ","P","19","     0.0"," ","P","19","     0.0"," ","P","19","     0.0"," ","P","19","     0.0"," ","P","19","     0.0"," ","P","19","     0.0"," ","P","19","     0.0"," ","P","19","     0.0"," ","P","19","     0.0"," ","P","19","     0.0"," ","P","19","     0.0"," ","P","19","     0.0"," ","P","19","     0.0"," ","P","19","     0.0"," ","P","19","     0.0"," ","P","19","     0.0"," ","P","19","     0.0"," ","P","19","     0.0"," ","P","19","     0.0"," ","P","19","     0.0"," ","P","19","     0.0"," ","P","19","     0.0"," ","P","19","     0.0"," ","P","19","     0.0"," ","P","19"
"USC00413734","05"," 33.1678"," -96.0983"," 166.1","GREENVILLE KGVL RADIO, TX US","05","99","99","    73.2"," ","S","26","    84.6"," ","S","26","    61.9"," ","S","28","    22.7"," ","S","26","     2.3"," ","S","26","     2.6"," ","S","26","     2.4"," ","S","28","     1.8"," ","S","26","     0.0"," ","S","28","     0.0"," ","S","28","     0.0"," ","S","28","     0.1"," ","S","28","     0.5"," ","S","28","     3.0"," ","S","28","    12.8"," ","S","28","    27.7"," ","S","28","    31.0"," ","S","26","    31.0"," ","S","26","    31.0"," ","S","26","    30.8"," ","S","26","    29.5"," ","S","26","    22.5"," ","S","26","     4.4"," ","S","26","     0.0"," ","S","26","     0.0"," ","S","26","    14.2"," ","S","26","     0.0"," ","S","26","     0.0","X","S","26","     0.4"," ","S","26","     1.6"," ","S","26","     2.4"," ","S","26","     4.4"," ","S","26","   270.0"," ","S","26","  1030.8"," ","S","26","   875.8"," ","S","26","   721.2"," ","S","26","   567.4"," ","S","26","   506.2"," ","S","26","   415.1"," ","S","26","   145.0"," ","S","26","   104.4"," ","S","26","   270.0"," ","S","26","  1030.8"," ","S","26","   875.8"," ","S","26","   721.2"," ","S","26","   567.4"," ","S","26","   506.2"," ","S","26","   415.1"," ","S","26","   145.0"," ","S","26","   104.4"," ","S","26","   755.1"," ","S","26","   695.0"," ","S","26","     0.0"," ","S","28","     0.0"," ","S","28","     0.0"," ","S","28","     0.0"," ","S","28","     0.0"," ","S","28","     1.2"," ","S","28","    5.79"," ","R","19","     7.2"," ","S","25","     6.2"," ","S","25","     4.3"," ","S","25","     2.9"," ","S","25","     1.6"," ","S","25","     0.6"," ","S","25","     0.0","X","S","25","     0.0","X","S","25","    3.11"," ","R","19","    5.25"," ","R","19","    7.37"," ","R","19","    2.86"," ","R","19","    4.17"," ","R","19","    5.86"," ","R","19","    7.89"," ","R","19","    3.88"," ","R","19","    6.28"," ","R","19","     0.0"," ","P","18","     0.0"," ","P","19","     0.0"," ","P","19","     0.0"," ","P","19","     0.0"," ","P","19","     0.0"," ","P","19","     0.0"," ","P","19","     0.0"," ","P","19","     0.0"," ","P","19","     0.0"," ","P","18","     0.0"," ","P","18","     0.0"," ","P","18","     0.0"," ","P","18","     0.0"," ","P","18","     0.0"," ","P","18","     0.0"," ","P","18","     0.0"," ","P","18","     0.0"," ","P","18","     0.0"," ","P","19","     0.0"," ","P","19","     0.0"," ","P","19","     0.0"," ","P","19","     0.0"," ","P","19","     0.0"," ","P","19","     0.0"," ","P","19"
"USC00413734","06"," 33.1678"," -96.0983"," 166.1","GREENVILLE KGVL RADIO, TX US","06","99","99","    81.4"," ","S","26","    92.6"," ","S","26","    70.2"," ","S","28","    22.4"," ","S","26","     2.4"," ","S","26","     2.8"," ","S","26","     2.5"," ","S","28","     2.4"," ","S","26","     0.0"," ","S","28","     0.0"," ","S","28","     0.0"," ","S","28","     0.0"," ","S","28","     0.0"," ","S","28","     0.0"," ","S","28","     1.6"," ","S","28","    16.1"," ","S","28","    30.0"," ","S","26","    30.0"," ","S","26","    30.0"," ","S","26","    30.0"," ","S","26","    30.0"," ","S","26","    29.0"," ","S","26","    18.6"," ","S","26","     1.3"," ","S","26","     0.0"," ","S","26","     0.1"," ","S","26","     0.0"," ","S","26","     0.0"," ","S","26","     0.0"," ","S","26","     0.0"," ","S","26","     0.0"," ","S","26","     0.0","X","S","26","   492.0"," ","S","26","  1241.9"," ","S","26","  1091.8"," ","S","26","   941.8"," ","S","26","   791.8"," ","S","26","   731.8"," ","S","26","   641.9"," ","S","26","   343.0"," ","S","26","   284.6"," ","S","26","   492.0"," ","S","26","  1241.9"," ","S","26","  1091.8"," ","S","26","   941.8"," ","S","26","   791.8"," ","S","26","   731.8"," ","S","26","   641.9"," ","S","26","   343.0"," ","S","26","   284.6"," ","S","26","   896.7"," ","S","26","   836.7"," ","S","26","     0.0"," ","S","28","     0.0"," ","S","28","     0.0"," ","S","28","     0.0"," ","S","28","     0.0"," ","S","28","     0.0"," ","S","28","    4.16"," ","R","19","     6.6"," ","S","28","     5.4"," ","S","28","     4.3"," ","S","28","     3.2"," ","S","28","     1.7"," ","S","28","     0.5"," ","S","28","     0.0"," ","S","28","     0.0"," ","S","28","    2.16"," ","R","19","    3.43"," ","R","19","    5.54"," ","R","19","    1.86"," ","R","19","    2.77"," ","R","19","    4.47"," ","R","19","    6.14"," ","R","19","    2.61"," ","R","19","    4.96"," ","R","19","     0.0"," ","P","18","     0.0"," ","P","19","     0.0"," ","P","19","     0.0"," ","P","19","     0.0"," ","P","19","     0.0"," ","P","19","     0.0"," ","P","19","     0.0"," ","P","19","     0.0"," ","P","19","     0.0"," ","P","18","     0.0"," ","P","18","     0.0"," ","P","18","     0.0"," ","P","18","     0.0"," ","P","18","     0.0"," ","P","18","     0.0"," ","P","18","     0.0"," ","P","18","     0.0"," ","P","18","     0.0"," ","P","19","     0.0"," ","P","19","     0.0"," ","P","19","     0.0"," ","P","19","     0.0"," ","P","19","     0.0"," ","P","19","     0.0"," ","P","19"
"USC00413734","07"," 33.1678"," -96.0983"," 166.1","GREENVILLE KGVL RADIO, TX US","07","99","99","    85.6"," ","R","24","    97.1"," ","S","24","    74.1"," ","S","25","    22.9"," ","R","24","     2.6"," ","R","24","     3.5"," ","S","24","     2.0"," ","S","25","     2.3"," ","R","24","     0.0"," ","S","25","     0.0"," ","S","25","     0.0"," ","S","25","     0.0"," ","S","25","     0.0"," ","S","25","     0.0"," ","S","25","     0.3"," ","S","25","     6.4"," ","S","25","    31.0"," ","S","24","    31.0"," ","S","24","    31.0"," ","S","24","    31.0"," ","S","24","    31.0"," ","S","24","    30.7"," ","S","24","    26.8"," ","S","24","     7.6"," ","S","24","     0.0"," ","S","24","     0.0","X","R","24","     0.0"," ","R","24","     0.0"," ","R","24","     0.0"," ","R","24","     0.0"," ","R","24","     0.0"," ","R","24","     0.0"," ","R","24","   638.5"," ","R","24","  1413.5"," ","R","24","  1258.5"," ","R","24","  1103.5"," ","R","24","   948.5"," ","R","24","   886.5"," ","R","24","   793.5"," ","R","24","   483.6"," ","R","24","   421.7"," ","R","24","   638.5"," ","R","24","  1413.5"," ","R","24","  1258.5"," ","R","24","  1103.5"," ","R","24","   948.5"," ","R","24","   886.5"," ","R","24","   793.5"," ","R","24","   483.6"," ","R","24","   421.7"," ","R","24","   991.9"," ","R","24","   929.9"," ","R","24","     0.0"," ","S","25","     0.0"," ","S","25","     0.0"," ","S","25","     0.0"," ","S","25","     0.0"," ","S","25","     0.0"," ","S","25","    3.15"," ","R","18","     4.9"," ","S","24","     4.1"," ","S","24","     3.1"," ","S","24","     2.1"," ","S","24","     0.9"," ","S","24","     0.2"," ","S","24","     0.0"," ","S","24","     0.0"," ","S","24","    0.65"," ","R","18","    2.48"," ","R","18","    4.81"," ","R","18","    0.48"," ","R","18","    1.98"," ","R","18","    2.98"," ","R","18","    5.43"," ","R","18","    1.52"," ","R","18","    3.49"," ","R","18","     0.0"," ","P","17","     0.0"," ","P","18","     0.0"," ","P","18","     0.0"," ","P","18","     0.0"," ","P","18","     0.0"," ","P","18","     0.0"," ","P","18","     0.0"," ","P","18","     0.0"," ","P","18","     0.0"," ","P","17","     0.0"," ","P","17","     0.0"," ","P","17","     0.0"," ","P","17","     0.0"," ","P","17","     0.0"," ","P","17","     0.0"," ","P","17","     0.0"," ","P","17","     0.0"," ","P","17","     0.0"," ","P","18","     0.0"," ","P","18","     0.0"," ","P","18","     0.0"," ","P","18","     0.0"," ","P","18","     0.0"," ","P","18","     0.0"," ","P","18"
"USC00413734","08"," 33.1678"," -96.0983"," 166.1","GREENVILLE KGVL RADIO, TX US","08","99","99","    85.8"," ","R","21","    98.3"," ","R","21","    73.3"," ","S","25","    25.0"," ","R","21","     3.2"," ","R","21","     4.0"," ","R","21","     2.7"," ","S","25","     2.4"," ","R","21","     0.0"," ","S","25","     0.0"," ","S","25","     0.0"," ","S","25","     0.0"," ","S","25","     0.0"," ","S","25","     0.0","X","S","25","     0.5"," ","S","25","     8.7"," ","S","25","    31.0"," ","R","21","    31.0"," ","R","21","    31.0"," ","R","21","    31.0"," ","R","21","    31.0"," ","R","21","    30.5"," ","R","21","    26.7"," ","R","21","     9.9"," ","R","21","     0.0"," ","R","21","     0.1"," ","R","21","     0.0"," ","R","21","     0.0"," ","R","21","     0.0"," ","R","21","     0.0"," ","R","21","     0.0"," ","R","21","     0.0"," ","R","21","   644.7"," ","R","21","  1419.6"," ","R","21","  1264.5"," ","R","21","  1109.5"," ","R","21","   954.4"," ","R","21","   892.4"," ","R","21","   799.6"," ","R","21","   489.9"," ","R","21","   428.1"," ","R","21","   644.7"," ","R","21","  1419.6"," ","R","21","  1264.5"," ","R","21","  1109.5"," ","R","21","   954.4"," ","R","21","   892.4"," ","R","21","   799.6"," ","R","21","   489.9"," ","R","21","   428.1"," ","R","21","   979.1"," ","R","21","   917.1"," ","R","21","     0.0"," ","S","25","     0.0"," ","S","25","     0.0"," ","S","25","     0.0"," ","S","25","     0.0"," ","S","25","     0.0"," ","S","25","    2.39"," ","R","19","     4.6"," ","S","26","     3.4"," ","S","26","     2.3"," ","S","26","     1.7"," ","S","26","     1.0"," ","S","26","     0.2"," ","S","26","     0.0","X","S","26","     0.0","X","S","26","    1.02"," ","R","19","    2.10"," ","R","19","    3.21"," ","R","19","    0.77"," ","R","19","    1.70"," ","R","19","    2.56"," ","R","19","    3.49"," ","R","19","    1.27"," ","R","19","    2.78"," ","R","19","     0.0"," ","P","19","     0.0"," ","P","19","     0.0"," ","P","19","     0.0"," ","P","19","     0.0"," ","P","19","     0.0"," ","P","19","     0.0"," ","P","19","     0.0"," ","P","19","     0.0"," ","P","19","     0.0"," ","P","19","     0.0"," ","P","19","     0.0"," ","P","19","     0.0"," ","P","19","     0.0"," ","P","19","     0.0"," ","P","19","     0.0"," ","P","19","     0.0"," ","P","19","     0.0"," ","P","19","     0.0"," ","P","19","     0.0"," ","P","19","     0.0"," ","P","19","     0.0"," ","P","19","     0.0"," ","P","19","     0.0"," ","P","19","     0.0"," ","P","19"
"USC00413734","09"," 33.1678"," -96.0983"," 166.1","GREENVILLE KGVL RADIO, TX US","09","99","99","    78.4"," ","R","22","    91.3"," ","R","22","    65.6"," ","S","25","    25.6"," ","R","22","     3.3"," ","R","22","     4.2"," ","R","22","     3.3"," ","S","25","     3.9"," ","R","22","     0.0"," ","S","25","     0.0"," ","S","25","     0.0"," ","S","25","     0.0"," ","S","25","     0.0"," ","S","25","     1.2"," ","S","25","     8.3"," ","S","25","    21.0"," ","S","25","    30.0"," ","R","22","    30.0"," ","R","22","    30.0"," ","R","22","    30.0"," ","R","22","    29.7"," ","R","22","    26.4"," ","R","22","    15.2"," ","R","22","     2.2"," ","R","22","     0.0"," ","R","22","     3.5"," ","R","22","     0.0"," ","R","22","     0.0"," ","R","22","     0.0","X","R","22","     0.0","X","R","22","     0.2"," ","R","22","     0.7"," ","R","22","   406.9"," ","R","22","  1153.4"," ","R","22","  1003.4"," ","R","22","   853.4"," ","R","22","   703.4"," ","R","22","   643.5"," ","R","22","   554.1"," ","R","22","   268.5"," ","R","22","   217.1"," ","R","22","   406.9"," ","R","22","  1153.4"," ","R","22","  1003.4"," ","R","22","   853.4"," ","R","22","   703.4"," ","R","22","   643.5"," ","R","22","   554.1"," ","R","22","   268.5"," ","R","22","   217.1"," ","R","22","   814.8"," ","R","22","   755.5"," ","R","22","     0.0"," ","S","25","     0.0"," ","S","25","     0.0"," ","S","25","     0.0"," ","S","25","     0.0"," ","S","25","     0.0"," ","S","25","    3.84"," ","R","18","     5.6"," ","S","25","     4.5"," ","S","25","     3.4"," ","S","25","     2.5"," ","S","25","     1.3"," ","S","25","     0.4"," ","S","25","     0.0"," ","S","25","     0.0"," ","S","25","    1.45"," ","R","18","    2.69"," ","R","18","    5.60"," ","R","18","    1.21"," ","R","18","    2.01"," ","R","18","    4.17"," ","R","18","    5.97"," ","R","18","    1.88"," ","R","18","    4.51"," ","R","18","     0.0"," ","P","19","     0.0"," ","P","19","     0.0"," ","P","19","     0.0"," ","P","19","     0.0"," ","P","19","     0.0"," ","P","19","     0.0"," ","P","19","     0.0"," ","P","19","     0.0"," ","P","19","     0.0"," ","P","19","     0.0"," ","P","19","     0.0"," ","P","19","     0.0"," ","P","19","     0.0"," ","P","19","     0.0"," ","P","19","     0.0"," ","P","19","     0.0"," ","P","19","     0.0"," ","P","19","     0.0"," ","P","19","     0.0"," ","P","19","     0.0"," ","P","19","     0.0"," ","P","19","     0.0"," ","P","19","     0.0"," ","P","19","     0.0"," ","P","19"
"USC00413734","10"," 33.1678"," -96.0983"," 166.1","GREENVILLE KGVL RADIO, TX US","10","99","99","    67.3"," ","R","20","    80.7"," ","R","20","    54.0"," ","S","25","    26.6"," ","R","20","     2.6"," ","R","20","     3.6"," ","R","20","     2.8"," ","S","25","     3.7"," ","R","20","     0.0"," ","S","25","     0.0"," ","S","25","     0.0"," ","S","25","     0.2"," ","S","25","     2.1"," ","S","25","    11.4"," ","S","25","    24.0"," ","S","25","    29.3"," ","S","25","    31.0"," ","R","20","    31.0"," ","R","20","    30.8"," ","R","20","    30.0"," ","R","20","    25.8"," ","R","20","    17.0"," ","R","20","     4.7"," ","R","20","     0.3"," ","R","20","     0.0"," ","R","20","    76.3"," ","R","20","     0.1"," ","R","20","     0.5"," ","R","20","     3.3"," ","R","20","    11.0"," ","R","20","    17.1"," ","R","20","    31.5"," ","R","20","   149.2"," ","R","20","   847.9"," ","R","20","   693.4"," ","R","20","   541.1"," ","R","20","   393.8"," ","R","20","   337.9"," ","R","20","   259.3"," ","R","20","    69.9"," ","R","20","    47.9"," ","R","20","   149.2"," ","R","20","   847.9"," ","R","20","   693.4"," ","R","20","   541.1"," ","R","20","   393.8"," ","R","20","   337.9"," ","R","20","   259.3"," ","R","20","    69.9"," ","R","20","    47.9"," ","R","20","   597.7"," ","R","20","   544.9"," ","R","20","     0.0"," ","S","25","     0.0"," ","S","25","     0.2"," ","S","25","     2.4"," ","S","25","    10.0"," ","S","25","    31.4"," ","S","25","    4.96"," ","R","21","     6.6"," ","S","27","     5.2"," ","S","27","     4.0"," ","S","27","     2.8"," ","S","27","     1.8"," ","S","27","     0.6"," ","S","27","     0.1"," ","S","27","     0.0"," ","S","27","    2.29"," ","R","21","    3.33"," ","R","21","    7.79"," ","R","21","    2.01"," ","R","21","    3.02"," ","R","21","    4.39"," ","R","21","    8.04"," ","R","21","    2.80"," ","R","21","    6.34"," ","R","21","     0.0"," ","P","19","     0.0"," ","P","19","     0.0"," ","P","19","     0.0"," ","P","19","     0.0"," ","P","19","     0.0"," ","P","19","     0.0"," ","P","19","     0.0"," ","P","19","     0.0"," ","P","19","     0.0"," ","P","19","     0.0"," ","P","19","     0.0"," ","P","19","     0.0"," ","P","19","     0.0"," ","P","19","     0.0"," ","P","19","     0.0"," ","P","19","     0.0"," ","P","19","     0.0"," ","P","19","     0.0"," ","P","18","     0.0"," ","P","18","     0.0"," ","P","18","     0.0"," ","P","18","     0.0"," ","P","18","     0.0"," ","P","18","     0.0"," ","P","18"
"USC00413734","11"," 33.1678"," -96.0983"," 166.1","GREENVILLE KGVL RADIO, TX US","11","99","99","    55.9"," ","R","20","    68.3"," ","R","20","    43.4"," ","S","25","    24.9"," ","R","20","     4.0"," ","R","20","     4.3"," ","R","20","     3.9"," ","S","25","     2.4"," ","R","20","     0.0"," ","S","25","     0.0"," ","S","25","     0.2"," ","S","25","     4.6"," ","S","25","    12.8"," ","S","25","    23.0"," ","S","25","    28.3"," ","S","25","    30.0"," ","S","25","    30.0"," ","R","20","    29.7"," ","R","20","    27.9"," ","R","20","    22.9"," ","R","20","    14.5"," ","R","20","     2.7"," ","R","20","     0.1"," ","R","20","     0.0"," ","R","20","     0.0","X","R","20","   297.9"," ","R","20","     5.4"," ","R","20","    19.0"," ","R","20","    48.5"," ","R","20","   103.7"," ","R","20","   133.5"," ","R","20","   187.3"," ","R","20","    23.5"," ","R","20","   481.0"," ","R","20","   344.6"," ","R","20","   224.1"," ","R","20","   129.4"," ","R","20","    99.1"," ","R","20","    62.8"," ","R","20","     6.2"," ","R","20","     3.2"," ","R","20","    23.5"," ","R","20","   481.0"," ","R","20","   344.6"," ","R","20","   224.1"," ","R","20","   129.4"," ","R","20","    99.1"," ","R","20","    62.8"," ","R","20","     6.2"," ","R","20","     3.2"," ","R","20","   339.4"," ","R","20","   302.3"," ","R","20","     1.0"," ","S","25","     7.4"," ","S","25","    26.9"," ","S","25","    54.3"," ","S","25","    80.6"," ","S","25","    96.5"," ","S","25","    3.58"," ","R","17","     6.0"," ","S","25","     4.7"," ","S","25","     3.5"," ","S","25","     2.2"," ","S","25","     1.2"," ","S","25","     0.4"," ","S","25","     0.0","X","S","25","     0.0"," ","S","25","    1.63"," ","R","17","    2.65"," ","R","17","    3.69"," ","R","17","    1.43"," ","R","17","    2.26"," ","R","17","    2.89"," ","R","17","    4.38"," ","R","17","    1.97"," ","R","17","    3.42"," ","R","17","     0.0","X","P","17","     0.1"," ","P","19","     0.0"," ","P","19","     0.0"," ","P","19","     0.0"," ","P","19","     0.0"," ","P","19","     0.0"," ","P","19","     0.0"," ","P","19","     0.0"," ","P","19","     0.0"," ","P","17","     0.0"," ","P","17","     0.0"," ","P","17","     0.0"," ","P","17","     0.0"," ","P","17","     0.0"," ","P","17","     0.0"," ","P","17","     0.0"," ","P","17","     0.0"," ","P","17","     0.0"," ","P","19","     0.0"," ","P","19","     0.0"," ","P","19","     0.0"," ","P","19","     0.0"," ","P","19","     0.0"," ","P","19","     0.0"," ","P","19"
"USC00413734","12"," 33.1678"," -96.0983"," 166.1","GREENVILLE KGVL RADIO, TX US","12","99","99","    47.5"," ","R","21","    59.5"," ","R","21","    35.5"," ","S","25","    24.0"," ","R","21","     2.5"," ","R","21","     2.9"," ","R","21","     2.8"," ","S","25","     2.7"," ","R","21","     0.0"," ","S","25","     0.0"," ","S","25","     1.6"," ","S","25","    13.8"," ","S","25","    23.0"," ","S","25","    28.8"," ","S","25","    30.5"," ","S","25","    31.0"," ","S","25","    30.7"," ","R","21","    29.7"," ","R","21","    23.6"," ","R","21","    13.9"," ","R","21","     5.2"," ","R","21","     0.6"," ","R","21","     0.0"," ","R","21","     0.0"," ","R","21","     0.4"," ","R","21","   546.2"," ","R","21","    31.8"," ","R","21","    78.9"," ","R","21","   158.8"," ","R","21","   270.3"," ","R","21","   321.1"," ","R","21","   402.1"," ","R","21","     3.9"," ","R","21","   264.5"," ","R","21","   156.6"," ","R","21","    81.5"," ","R","21","    38.1"," ","R","21","    26.9"," ","R","21","    14.8"," ","R","21","     0.6"," ","R","21","     0.1"," ","R","21","     3.9"," ","R","21","   264.5"," ","R","21","   156.6"," ","R","21","    81.5"," ","R","21","    38.1"," ","R","21","    26.9"," ","R","21","    14.8"," ","R","21","     0.6"," ","R","21","     0.1"," ","R","21","   201.1"," ","R","21","   172.7"," ","R","21","    19.0"," ","S","25","    37.5"," ","S","25","    68.8"," ","S","25","    95.4"," ","S","25","    99.9"," ","S","25","   100.0"," ","S","25","    3.98"," ","R","17","     5.7"," ","S","24","     4.7"," ","S","24","     3.3"," ","S","24","     2.3"," ","S","24","     1.2"," ","S","24","     0.5"," ","S","24","     0.1"," ","S","24","     0.0"," ","S","24","    1.83"," ","R","17","    3.46"," ","R","17","    5.11"," ","R","17","    1.64"," ","R","17","    2.69"," ","R","17","    3.93"," ","R","17","    6.38"," ","R","17","    2.47"," ","R","17","    4.74"," ","R","17","     0.0"," ","P","15","     0.0"," ","P","19","     0.0"," ","P","19","     0.0"," ","P","19","     0.0"," ","P","19","     0.0"," ","P","19","     0.0"," ","P","19","     0.0"," ","P","19","     0.0"," ","P","19","     0.0"," ","P","15","     0.0"," ","P","15","     0.0"," ","P","15","     0.0"," ","P","15","     0.0"," ","P","15","     0.0"," ","P","15","     0.0"," ","P","15","     0.0"," ","P","15","     0.0"," ","P","15","     0.0"," ","P","19","     0.0"," ","P","19","     0.0"," ","P","19","     0.0"," ","P","19","     0.0"," ","P","19","     0.0"," ","P","19","     0.0"," ","P","19"
