Branch,Code,EmployerSlug,ListingTitle,CompanyName,Location,Url,FitScore,Directness,PlatformTags,RequiresClearance,ClearanceNote,SnapshotDate,EvidenceNote,SourceKind,SourceUrl,SourceRetrievedOn
navy,STG,booz-allen,"Acoustic Intelligence Analyst, Senior",Booz Allen Hamilton,"Suitland, MD",https://does.pflbas.dc.gov/vosnet/jobbanks/jobdetails.aspx?enc=9B8%2FuT7EfbEIDLIMZ8rho7lgjcz5GhrB+qzMCateevCtKcKJt2q4qJWNzvBjsQSK910pxd0i9nYx7MWKpb1GFZKRe%2F6Knd+t5xctBfVWsyNkXz6SHvSmlpG2FgaxkZrB6W+xr4rFlSfeAJ4XtR5b1+WOv%2FmK7eGb9XoxFh%2FoWvHVzsNfVgPQ1dDH0x%2FVMjJUyUNlMvo4I%2FdmGBtK6pW4uJKhCrjpJxisl+SCxjzoEZiXc21Pek+Ro%2FkIyDnmQI+eMxZWajeUNSY7S7eR1fANjF%2FVckG5%2FSiQeotesi+wsmcqbwfN9JZSWywTxwfIHsRNKeEb0wLkK3%2FSGaoLxT8HMANjMJt0h1RbSMEL4DEM93M%2F0Kc4QCur1dmBgl4ODZZ6PG++mv9GKcgtPoS+73U+7ZuVbTe8OGRGJ9301LqcVrwbgyAK599rKc9s%2Fq+qYcqO1fgFLWfcz%2FuktodLFwsJOON6SsR1IW8ioJcu0Ds1IdoP0A%2FiAWEaGzl+j9459lUMmbm1yT0qJk+il6OB%2FRtypukkatc9DSy6jpMU8vBX5ahZro4BY3PztiT4jJh%2FWYaZNdz5rFZYRECpfwoEwIefViXoXVpOTIdb7MPRxGmjV3Yb5YiaNwUATOSIgDZG0xcs,99,direct,ACINT;STG;STS;acoustic signatures;signal processing,True,TS/SCI and ACINT certification cited in the pasted listing evidence,2026-08-31,"Pasted current listing evidence says the role requires seven or more years as a U.S. Navy Sonar Technician explicitly including STG or STS plus ACINT operations or analysis.",current_posting_snapshot,https://does.pflbas.dc.gov/vosnet/jobbanks/jobdetails.aspx?enc=9B8%2FuT7EfbEIDLIMZ8rho7lgjcz5GhrB+qzMCateevCtKcKJt2q4qJWNzvBjsQSK910pxd0i9nYx7MWKpb1GFZKRe%2F6Knd+t5xctBfVWsyNkXz6SHvSmlpG2FgaxkZrB6W+xr4rFlSfeAJ4XtR5b1+WOv%2FmK7eGb9XoxFh%2FoWvHVzsNfVgPQ1dDH0x%2FVMjJUyUNlMvo4I%2FdmGBtK6pW4uJKhCrjpJxisl+SCxjzoEZiXc21Pek+Ro%2FkIyDnmQI+eMxZWajeUNSY7S7eR1fANjF%2FVckG5%2FSiQeotesi+wsmcqbwfN9JZSWywTxwfIHsRNKeEb0wLkK3%2FSGaoLxT8HMANjMJt0h1RbSMEL4DEM93M%2F0Kc4QCur1dmBgl4ODZZ6PG++mv9GKcgtPoS+73U+7ZuVbTe8OGRGJ9301LqcVrwbgyAK599rKc9s%2Fq+qYcqO1fgFLWfcz%2FuktodLFwsJOON6SsR1IW8ioJcu0Ds1IdoP0A%2FiAWEaGzl+j9459lUMmbm1yT0qJk+il6OB%2FRtypukkatc9DSy6jpMU8vBX5ahZro4BY3PztiT4jJh%2FWYaZNdz5rFZYRECpfwoEwIefViXoXVpOTIdb7MPRxGmjV3Yb5YiaNwUATOSIgDZG0xcs,2026-08-31
navy,STS,booz-allen,"Acoustic Intelligence Analyst, Senior",Booz Allen Hamilton,"Suitland, MD",https://does.pflbas.dc.gov/vosnet/jobbanks/jobdetails.aspx?enc=9B8%2FuT7EfbEIDLIMZ8rho7lgjcz5GhrB+qzMCateevCtKcKJt2q4qJWNzvBjsQSK910pxd0i9nYx7MWKpb1GFZKRe%2F6Knd+t5xctBfVWsyNkXz6SHvSmlpG2FgaxkZrB6W+xr4rFlSfeAJ4XtR5b1+WOv%2FmK7eGb9XoxFh%2FoWvHVzsNfVgPQ1dDH0x%2FVMjJUyUNlMvo4I%2FdmGBtK6pW4uJKhCrjpJxisl+SCxjzoEZiXc21Pek+Ro%2FkIyDnmQI+eMxZWajeUNSY7S7eR1fANjF%2FVckG5%2FSiQeotesi+wsmcqbwfN9JZSWywTxwfIHsRNKeEb0wLkK3%2FSGaoLxT8HMANjMJt0h1RbSMEL4DEM93M%2F0Kc4QCur1dmBgl4ODZZ6PG++mv9GKcgtPoS+73U+7ZuVbTe8OGRGJ9301LqcVrwbgyAK599rKc9s%2Fq+qYcqO1fgFLWfcz%2FuktodLFwsJOON6SsR1IW8ioJcu0Ds1IdoP0A%2FiAWEaGzl+j9459lUMmbm1yT0qJk+il6OB%2FRtypukkatc9DSy6jpMU8vBX5ahZro4BY3PztiT4jJh%2FWYaZNdz5rFZYRECpfwoEwIefViXoXVpOTIdb7MPRxGmjV3Yb5YiaNwUATOSIgDZG0xcs,99,direct,ACINT;STG;STS;submarine acoustics;signal processing,True,TS/SCI and ACINT certification cited in the pasted listing evidence,2026-08-31,"Pasted current listing evidence says the role requires seven or more years as a U.S. Navy Sonar Technician explicitly including STG or STS plus ACINT operations or analysis.",current_posting_snapshot,https://does.pflbas.dc.gov/vosnet/jobbanks/jobdetails.aspx?enc=9B8%2FuT7EfbEIDLIMZ8rho7lgjcz5GhrB+qzMCateevCtKcKJt2q4qJWNzvBjsQSK910pxd0i9nYx7MWKpb1GFZKRe%2F6Knd+t5xctBfVWsyNkXz6SHvSmlpG2FgaxkZrB6W+xr4rFlSfeAJ4XtR5b1+WOv%2FmK7eGb9XoxFh%2FoWvHVzsNfVgPQ1dDH0x%2FVMjJUyUNlMvo4I%2FdmGBtK6pW4uJKhCrjpJxisl+SCxjzoEZiXc21Pek+Ro%2FkIyDnmQI+eMxZWajeUNSY7S7eR1fANjF%2FVckG5%2FSiQeotesi+wsmcqbwfN9JZSWywTxwfIHsRNKeEb0wLkK3%2FSGaoLxT8HMANjMJt0h1RbSMEL4DEM93M%2F0Kc4QCur1dmBgl4ODZZ6PG++mv9GKcgtPoS+73U+7ZuVbTe8OGRGJ9301LqcVrwbgyAK599rKc9s%2Fq+qYcqO1fgFLWfcz%2FuktodLFwsJOON6SsR1IW8ioJcu0Ds1IdoP0A%2FiAWEaGzl+j9459lUMmbm1yT0qJk+il6OB%2FRtypukkatc9DSy6jpMU8vBX5ahZro4BY3PztiT4jJh%2FWYaZNdz5rFZYRECpfwoEwIefViXoXVpOTIdb7MPRxGmjV3Yb5YiaNwUATOSIgDZG0xcs,2026-08-31
navy,T42A,booz-allen,"Acoustic Intelligence Analyst, Senior",Booz Allen Hamilton,"Suitland, MD",https://does.pflbas.dc.gov/vosnet/jobbanks/jobdetails.aspx?enc=9B8%2FuT7EfbEIDLIMZ8rho7lgjcz5GhrB+qzMCateevCtKcKJt2q4qJWNzvBjsQSK910pxd0i9nYx7MWKpb1GFZKRe%2F6Knd+t5xctBfVWsyNkXz6SHvSmlpG2FgaxkZrB6W+xr4rFlSfeAJ4XtR5b1+WOv%2FmK7eGb9XoxFh%2FoWvHVzsNfVgPQ1dDH0x%2FVMjJUyUNlMvo4I%2FdmGBtK6pW4uJKhCrjpJxisl+SCxjzoEZiXc21Pek+Ro%2FkIyDnmQI+eMxZWajeUNSY7S7eR1fANjF%2FVckG5%2FSiQeotesi+wsmcqbwfN9JZSWywTxwfIHsRNKeEb0wLkK3%2FSGaoLxT8HMANjMJt0h1RbSMEL4DEM93M%2F0Kc4QCur1dmBgl4ODZZ6PG++mv9GKcgtPoS+73U+7ZuVbTe8OGRGJ9301LqcVrwbgyAK599rKc9s%2Fq+qYcqO1fgFLWfcz%2FuktodLFwsJOON6SsR1IW8ioJcu0Ds1IdoP0A%2FiAWEaGzl+j9459lUMmbm1yT0qJk+il6OB%2FRtypukkatc9DSy6jpMU8vBX5ahZro4BY3PztiT4jJh%2FWYaZNdz5rFZYRECpfwoEwIefViXoXVpOTIdb7MPRxGmjV3Yb5YiaNwUATOSIgDZG0xcs,100,direct,ACINT;master sonar technician;acoustic signatures;signal processing,True,TS/SCI and ACINT certification cited in the pasted listing evidence,2026-08-31,"ACINT operations and analysis requirements map directly to Master Sonar Technician submarine acoustic-analysis experience.",current_posting_snapshot,https://does.pflbas.dc.gov/vosnet/jobbanks/jobdetails.aspx?enc=9B8%2FuT7EfbEIDLIMZ8rho7lgjcz5GhrB+qzMCateevCtKcKJt2q4qJWNzvBjsQSK910pxd0i9nYx7MWKpb1GFZKRe%2F6Knd+t5xctBfVWsyNkXz6SHvSmlpG2FgaxkZrB6W+xr4rFlSfeAJ4XtR5b1+WOv%2FmK7eGb9XoxFh%2FoWvHVzsNfVgPQ1dDH0x%2FVMjJUyUNlMvo4I%2FdmGBtK6pW4uJKhCrjpJxisl+SCxjzoEZiXc21Pek+Ro%2FkIyDnmQI+eMxZWajeUNSY7S7eR1fANjF%2FVckG5%2FSiQeotesi+wsmcqbwfN9JZSWywTxwfIHsRNKeEb0wLkK3%2FSGaoLxT8HMANjMJt0h1RbSMEL4DEM93M%2F0Kc4QCur1dmBgl4ODZZ6PG++mv9GKcgtPoS+73U+7ZuVbTe8OGRGJ9301LqcVrwbgyAK599rKc9s%2Fq+qYcqO1fgFLWfcz%2FuktodLFwsJOON6SsR1IW8ioJcu0Ds1IdoP0A%2FiAWEaGzl+j9459lUMmbm1yT0qJk+il6OB%2FRtypukkatc9DSy6jpMU8vBX5ahZro4BY3PztiT4jJh%2FWYaZNdz5rFZYRECpfwoEwIefViXoXVpOTIdb7MPRxGmjV3Yb5YiaNwUATOSIgDZG0xcs,2026-08-31
navy,STS,three-saints-bay,Navy Sonar Technician Submarine (STS),Three Saints Bay / Ghostrock,"San Diego, CA",https://www.clearancejobs.com/jobs/9122828/navy-sonar-technician-submarine-sts-6105,100,direct,STS;towed array;RTAHS;FLTA;TLTA;submarine maintenance,True,Active Secret clearance eligibility cited by ClearanceJobs snapshot,2026-08-31,"ClearanceJobs snapshot names Navy Sonar Technician Submarine (STS) and describes Ghostrock submarine towed-array SME work for U.S. Navy submarines.",current_posting_snapshot,https://www.clearancejobs.com/jobs/9122828/navy-sonar-technician-submarine-sts-6105,2026-08-31
navy,STS,amentum,Submarine Sonar Technician - ARCI,Amentum,"Portsmouth, NH",https://www.amentumcareers.com/jobs/submarine-sonar-technician-arci-portsmouth-new-hampshire-united-states,98,direct,ARCI;SWFTS;submarine sonar;multi-platform submarine systems,True,Secret clearance indicated in visible job-board snapshots,2026-08-31,"Amentum's ARCI posting asks for multi-platform submarine ARCI experience and submarine/SWFTS systems knowledge.",current_posting_snapshot,https://www.amentumcareers.com/jobs/submarine-sonar-technician-arci-portsmouth-new-hampshire-united-states,2026-08-31
navy,T42A,amentum,Submarine Sonar Technician - ARCI,Amentum,"Portsmouth, NH",https://www.amentumcareers.com/jobs/submarine-sonar-technician-arci-portsmouth-new-hampshire-united-states,96,direct,ARCI;SWFTS;submarine sonar;sonar SME,True,Secret clearance indicated in visible job-board snapshots,2026-08-31,"Advanced submarine sonar and acoustic-analysis experience maps directly to ARCI/SWFTS troubleshooting, training, and test support.",current_posting_snapshot,https://www.amentumcareers.com/jobs/submarine-sonar-technician-arci-portsmouth-new-hampshire-united-states,2026-08-31
navy,STS,amentum,Submarine Sonar Technician,Amentum,"Groton, CT",https://pae.wd1.myworkdayjobs.com/en-US/Amentum_Careers/job/Submarine-Sonar-Technician_R0163560,96,direct,Virginia class;Columbia class;submarine sonar;installation;testing,True,Clearance expectations should be verified from the active requisition,2026-08-31,"Pasted current listing evidence ties the role to Virginia-class and Columbia-class submarine programs, engineering changes, installation, operator training, maintenance procedures, and testing.",current_posting_snapshot,https://pae.wd1.myworkdayjobs.com/en-US/Amentum_Careers/job/Submarine-Sonar-Technician_R0163560,2026-08-31
navy,T42A,amentum,Submarine Sonar Technician,Amentum,"Groton, CT",https://pae.wd1.myworkdayjobs.com/en-US/Amentum_Careers/job/Submarine-Sonar-Technician_R0163560,96,direct,Virginia class;Columbia class;submarine sonar;operator training;testing,True,Clearance expectations should be verified from the active requisition,2026-08-31,"Master Sonar Technician experience is a strong fit for submarine sonar testing, operator training, maintenance procedure, and engineering-change support.",current_posting_snapshot,https://pae.wd1.myworkdayjobs.com/en-US/Amentum_Careers/job/Submarine-Sonar-Technician_R0163560,2026-08-31
navy,T42A,office-of-naval-intelligence,Intelligence Specialist / SWORD Acoustic Analyst,Office of Naval Intelligence,"Suitland, MD",https://www.oni.navy.mil/careers/current-openings/fileid/103597/,99,direct,ACINT;SWORD;LOFARgram;target motion analysis;beamforming;ASW,True,Federal intelligence roles commonly require eligibility for a security clearance; verify per USAJobs announcement,2026-08-31,"Pasted listing evidence identifies a junior ACINT analyst path analyzing raw ACINT data, LOFARgrams, oceanography, acoustic signatures, beamforming, signal processing, and ASW.",current_posting_snapshot,https://www.oni.navy.mil/careers/current-openings/fileid/103597/,2026-08-31
navy,STG,office-of-naval-intelligence,Intelligence Specialist / SWORD Acoustic Analyst,Office of Naval Intelligence,"Suitland, MD",https://www.oni.navy.mil/careers/current-openings/fileid/103597/,95,direct,ACINT;SWORD;LOFARgram;ASW;acoustic signatures,True,Federal intelligence roles commonly require eligibility for a security clearance; verify per USAJobs announcement,2026-08-31,"Surface sonar acoustic-analysis and ASW experience can support SWORD acoustic-analysis paths when ACINT evidence is present.",current_posting_snapshot,https://www.oni.navy.mil/careers/current-openings/fileid/103597/,2026-08-31
navy,STS,office-of-naval-intelligence,Intelligence Specialist / SWORD Acoustic Analyst,Office of Naval Intelligence,"Suitland, MD",https://www.oni.navy.mil/careers/current-openings/fileid/103597/,97,direct,ACINT;SWORD;LOFARgram;submarine acoustics;ASW,True,Federal intelligence roles commonly require eligibility for a security clearance; verify per USAJobs announcement,2026-08-31,"Submarine sonar and acoustic-analysis experience maps directly to raw ACINT, LOFARgram, acoustic-signature, and ASW analysis work.",current_posting_snapshot,https://www.oni.navy.mil/careers/current-openings/fileid/103597/,2026-08-31
navy,STG,leidos,STAPLE Toolkit (STK) Subject Matter Expert,Leidos,"Bethesda, MD",https://jobs.hireheroesusa.org/jobs/525062085-staple-toolkit-stk-subject-matter-expert-at-leidos,94,direct,STAPLE Toolkit;ASW;ACINT;undersea warfare;sonar tactical decision aids,True,Clearance requirements should be verified from the active requisition,2026-08-31,"Pasted listing evidence says the Leidos role wants naval operational/acoustic expertise and applies ASW knowledge and ACINT experience to sonar tactical-decision aids.",current_posting_snapshot,https://jobs.hireheroesusa.org/jobs/525062085-staple-toolkit-stk-subject-matter-expert-at-leidos,2026-08-31
navy,STS,leidos,STAPLE Toolkit (STK) Subject Matter Expert,Leidos,"Bethesda, MD",https://jobs.hireheroesusa.org/jobs/525062085-staple-toolkit-stk-subject-matter-expert-at-leidos,95,direct,STAPLE Toolkit;ASW;ACINT;submarine acoustics;undersea warfare,True,Clearance requirements should be verified from the active requisition,2026-08-31,"Submarine sonar and acoustic-analysis experience is a strong fit for Leidos STAPLE Toolkit ASW and ACINT support.",current_posting_snapshot,https://jobs.hireheroesusa.org/jobs/525062085-staple-toolkit-stk-subject-matter-expert-at-leidos,2026-08-31
navy,T42A,leidos,STAPLE Toolkit (STK) Subject Matter Expert,Leidos,"Bethesda, MD",https://jobs.hireheroesusa.org/jobs/525062085-staple-toolkit-stk-subject-matter-expert-at-leidos,98,direct,STAPLE Toolkit;ASW;ACINT;sonar SME;undersea warfare,True,Clearance requirements should be verified from the active requisition,2026-08-31,"T42A advanced acoustic-analysis and sonar SME experience maps directly to STAPLE Toolkit undersea-warfare and ACINT support.",current_posting_snapshot,https://jobs.hireheroesusa.org/jobs/525062085-staple-toolkit-stk-subject-matter-expert-at-leidos,2026-08-31
navy,STG,marine-acoustics,"Experienced U.S. Navy Sonar Technician - Acoustic Analysis",Marine Acoustics Inc.,"Middletown, RI",https://www.linkedin.com/in/jacqueline-workman-0246abb4,94,direct,STS;STG;ACINT;IUSS;SOSUS;underwater acoustics;AI/ML,True,Clearance requirements should be verified from the active posting,2026-08-31,"Pasted LinkedIn recruiting evidence explicitly names U.S. Navy Sonar Technician Submarines and Surface, STS/STG, for acoustic analysis supporting AI/ML and undersea enterprise work.",current_posting_snapshot,https://www.linkedin.com/in/jacqueline-workman-0246abb4,2026-08-31
navy,STS,marine-acoustics,"Experienced U.S. Navy Sonar Technician - Acoustic Analysis",Marine Acoustics Inc.,"Middletown, RI",https://www.linkedin.com/in/jacqueline-workman-0246abb4,96,direct,STS;STG;ACINT;IUSS;SOSUS;underwater acoustics;AI/ML,True,Clearance requirements should be verified from the active posting,2026-08-31,"Pasted LinkedIn recruiting evidence explicitly names U.S. Navy Sonar Technician Submarines and Surface, STS/STG, for acoustic analysis supporting AI/ML and undersea enterprise work.",current_posting_snapshot,https://www.linkedin.com/in/jacqueline-workman-0246abb4,2026-08-31
navy,T42A,marine-acoustics,"Experienced U.S. Navy Sonar Technician - Acoustic Analysis",Marine Acoustics Inc.,"Middletown, RI",https://www.linkedin.com/in/jacqueline-workman-0246abb4,96,direct,ACINT;IUSS;SOSUS;underwater acoustics;AI/ML;acoustic analysis,True,Clearance requirements should be verified from the active posting,2026-08-31,"Advanced sonar and ACINT evidence is a direct fit for acoustic-analysis recruiting tied to IUSS, SOSUS, underwater acoustics, and undersea AI/ML work.",current_posting_snapshot,https://www.linkedin.com/in/jacqueline-workman-0246abb4,2026-08-31
navy,STS,arcfield,US Navy Submarine Fire Control or SONAR Technician (FT/STS) Test Engineer,Arcfield,"Newport, RI",https://careers.arcfield.com/careers-home/jobs/8515?lang=en-us,97,direct,FT;STS;SWFTS;AN/BYG-1;submarine combat systems;test engineering,True,Active Secret security clearance cited in visible job snapshots,2026-08-31,"Arcfield's Newport RI opening explicitly recruits U.S. Navy submarine Fire Control or SONAR Technician FT/STS experience for submarine combat-system test engineering.",current_posting_snapshot,https://careers.arcfield.com/careers-home/jobs/8515?lang=en-us,2026-08-31
navy,T42A,arcfield,US Navy Submarine Fire Control or SONAR Technician (FT/STS) Test Engineer,Arcfield,"Newport, RI",https://careers.arcfield.com/careers-home/jobs/8515?lang=en-us,94,direct,FT;STS;SWFTS;AN/BYG-1;submarine combat systems;test engineering,True,Active Secret security clearance cited in visible job snapshots,2026-08-31,"Master Sonar Technician submarine systems and test context is a strong fit for Arcfield's FT/STS submarine combat-system test-engineering evidence.",current_posting_snapshot,https://careers.arcfield.com/careers-home/jobs/8515?lang=en-us,2026-08-31
navy,MT,bae-systems,Strategic Weapon System Test Engineer,BAE Systems,"Rockville, MD",https://sjobs.brassring.com/TGnewUI/Search/home/HomeWithPreLoad?PageType=JobDetails&partnerid=25771&siteid=5403&jobid=303317,98,direct,strategic weapons;SWS;SSP;test,True,Navy Strategic Systems Programs work; clearance expected.,2026-09-01,"BAE Systems SWS Test Engineer role in Rockville, MD supports Navy Strategic Systems Programs — a near-direct MT/SWS transition already present in our defense_job_listings table.",current_posting_snapshot,https://sjobs.brassring.com/TGnewUI/Search/home/HomeWithPreLoad?PageType=JobDetails&partnerid=25771&siteid=5403&jobid=303317,2026-09-01
navy,MT,lockheed-martin,Calibration Tech Asc,Lockheed Martin,"Kings Bay Base, GA",https://lockheedmartin.eightfold.ai/careers/job/996476302549,96,direct,calibration;Kings Bay;SWS,True,Located at the SUBASE Kings Bay TRIDENT community.,2026-09-01,"Lockheed Martin calibration technician role located at Kings Bay Base, GA — the TRIDENT Refit Facility community — matching the MT calibration and metrology path.",current_posting_snapshot,https://lockheedmartin.eightfold.ai/careers/job/996476302549,2026-09-01
navy,MT,lockheed-martin,Missile Systems Integration/ Electrical Test Engineer - E2,Lockheed Martin,"Cape Canaveral, FL",https://lockheedmartin.eightfold.ai/careers/job/996476277621,90,direct,missile systems;integration;electrical test,True,Missile systems program; clearance typical.,2026-09-01,Lockheed Martin missile-systems integration and electrical-test role maps to MT missile-systems and operational-readiness testing experience.,current_posting_snapshot,https://lockheedmartin.eightfold.ai/careers/job/996476277621,2026-09-01
navy,MT,northrop-grumman,Electronics Technician,Northrop Grumman,"Buffalo, NY",https://jobs.northropgrumman.com/careers/job/1340073540898,88,direct,electronics technician;test;troubleshooting,True,Defense electronics; clearance valued.,2026-09-01,"Northrop Grumman Electronics Technician role maps to MT electronics troubleshooting, repair, and test-equipment work.",current_posting_snapshot,https://jobs.northropgrumman.com/careers/job/1340073540898,2026-09-01
navy,MT,anduril,Calibration Technician,Anduril,"Costa Mesa, CA",https://boards.greenhouse.io/andurilindustries/jobs/5198192007?gh_jid=5198192007,86,direct,calibration;metrology;test equipment,False,,2026-09-01,Anduril Calibration Technician role is a commercial-defense example of the MT calibration and metrology path in our defense_job_listings table.,current_posting_snapshot,https://boards.greenhouse.io/andurilindustries/jobs/5198192007?gh_jid=5198192007,2026-09-01
navy,MT,hii,ENGINEER ELECTROMECHANICAL 2,HII,"Newport News, VA",https://careers.huntingtoningalls.com/job/Newport-News-ENGINEER-ELECTROMECHANICAL-2-Virg/1425021900/,84,adjacent,electromechanical;naval;sustainment,False,,2026-09-01,HII electromechanical engineering role at Newport News is an adjacent match for MT electromechanical (electronics + hydraulics + mechanical) experience.,current_posting_snapshot,https://careers.huntingtoningalls.com/job/Newport-News-ENGINEER-ELECTROMECHANICAL-2-Virg/1425021900/,2026-09-01
army,51C,navsea,Contract Specialist,Naval Sea Systems Command,"Keyport, WA",https://www.usajobs.gov/job/865829900,95,direct,GS-1102;contracting,False,Varies by position,2026-08-31,"NAVSEA GS-1102 Contract Specialist (GS 11-12) opening at Keyport WA directly matches Army 51C contracting work.",current_posting_snapshot,https://www.usajobs.gov/job/865829900,2026-08-31
air_force,6C0X1,navsea,Contract Specialist,Naval Sea Systems Command,"Keyport, WA",https://www.usajobs.gov/job/865829900,95,direct,GS-1102;contracting,False,Varies by position,2026-08-31,"NAVSEA GS-1102 Contract Specialist (GS 11-12) opening at Keyport WA directly matches Air Force 6C0X1 Contracting.",current_posting_snapshot,https://www.usajobs.gov/job/865829900,2026-08-31
marine_corps,3044,navsea,Contract Specialist,Naval Sea Systems Command,"Keyport, WA",https://www.usajobs.gov/job/865829900,93,direct,GS-1102;contracting,False,Varies by position,2026-08-31,"NAVSEA GS-1102 Contract Specialist (GS 11-12) opening at Keyport WA directly matches Marine 3044 Operational Contract Support.",current_posting_snapshot,https://www.usajobs.gov/job/865829900,2026-08-31
army,92A,navsea,Logistics Management Specialist,Naval Sea Systems Command,"Keyport, WA",https://www.usajobs.gov/job/881932500,92,direct,GS-0346;logistics,False,Varies by position,2026-08-31,"NAVSEA GS-0346 Logistics Management Specialist (GS 13) opening at Keyport WA directly matches Army 92A logistics work.",current_posting_snapshot,https://www.usajobs.gov/job/881932500,2026-08-31
navy,LS,navsea,Logistics Management Specialist,Naval Sea Systems Command,"Keyport, WA",https://www.usajobs.gov/job/881932500,93,direct,GS-0346;logistics,False,Varies by position,2026-08-31,"NAVSEA GS-0346 Logistics Management Specialist (GS 13) opening at Keyport WA directly matches Navy LS logistics work.",current_posting_snapshot,https://www.usajobs.gov/job/881932500,2026-08-31
air_force,2S0X1,navsea,Logistics Management Specialist,Naval Sea Systems Command,"Keyport, WA",https://www.usajobs.gov/job/881932500,90,direct,GS-0346;logistics,False,Varies by position,2026-08-31,"NAVSEA GS-0346 Logistics Management Specialist (GS 13) opening at Keyport WA directly matches Air Force 2S0X1 Materiel Management.",current_posting_snapshot,https://www.usajobs.gov/job/881932500,2026-08-31
army,42A,navsea,Human Resources Specialist (ER/LR),Naval Sea Systems Command,"Washington Navy Yard, DC",https://www.usajobs.gov/job/882232400,92,direct,GS-0201;human-resources,False,Varies by position,2026-08-31,"NAVSEA GS-0201 Human Resources Specialist (ER/LR, NH 3) opening at Washington Navy Yard directly matches Army 42A HR work.",current_posting_snapshot,https://www.usajobs.gov/job/882232400,2026-08-31
air_force,3F0X1,navsea,Human Resources Specialist (ER/LR),Naval Sea Systems Command,"Washington Navy Yard, DC",https://www.usajobs.gov/job/882232400,92,direct,GS-0201;human-resources,False,Varies by position,2026-08-31,"NAVSEA GS-0201 Human Resources Specialist (ER/LR, NH 3) opening at Washington Navy Yard directly matches Air Force 3F0X1 Personnel.",current_posting_snapshot,https://www.usajobs.gov/job/882232400,2026-08-31
marine_corps,5814,navsea,Security Specialist (Administration),Naval Sea Systems Command,"Washington Navy Yard, DC",https://www.usajobs.gov/job/882207600,88,direct,GS-0080;security,False,Varies by position,2026-08-31,"NAVSEA GS-0080 Security Specialist (Administration, NH 2) opening at Washington Navy Yard directly matches Marine 5814 Physical Security Specialist.",current_posting_snapshot,https://www.usajobs.gov/job/882207600,2026-08-31
navy,P11A,navsea,Security Specialist (Administration),Naval Sea Systems Command,"Washington Navy Yard, DC",https://www.usajobs.gov/job/882207600,88,direct,GS-0080;security,False,Varies by position,2026-08-31,"NAVSEA GS-0080 Security Specialist (Administration, NH 2) opening at Washington Navy Yard directly matches Navy NEC P11A Physical Security Specialist.",current_posting_snapshot,https://www.usajobs.gov/job/882207600,2026-08-31
air_force,6F0X1,navsea,Administrative/Technical Specialist,Naval Sea Systems Command,"Dahlgren, VA",https://www.usajobs.gov/job/880911400,86,direct,GS-0501;financial,False,Varies by position,2026-08-31,"NAVSEA GS-0501 Administrative/Technical Specialist (financial, NT 5) opening at Dahlgren VA matches Air Force 6F0X1 Financial Management and Comptroller.",current_posting_snapshot,https://www.usajobs.gov/job/880911400,2026-08-31
army,25B,gdit,Network Administrator,General Dynamics Information Technology,Undisclosed DoD site,https://www.gdit.com/careers/job/ad66fb5f7/network-administrator/,98,direct,Windows Server;Linux;Active Directory;Cisco VoIP;COMSEC;Security+,True,A+ and Security+ are cited; clearance expectations should be verified from the active requisition,2026-09-02,"GDIT network-administrator evidence is a direct fit for 25B enterprise IT, systems, and network support.",current_posting_snapshot,https://www.gdit.com/careers/job/ad66fb5f7/network-administrator/,2026-09-02
navy,IT,gdit,Network Administrator,General Dynamics Information Technology,Undisclosed DoD site,https://www.gdit.com/careers/job/ad66fb5f7/network-administrator/,98,direct,Windows Server;Linux;Active Directory;Cisco VoIP;COMSEC;Security+,True,A+ and Security+ are cited; clearance expectations should be verified from the active requisition,2026-09-02,"Navy IT network, systems, and COMSEC duties map directly to this GDIT network-administrator profile.",current_posting_snapshot,https://www.gdit.com/careers/job/ad66fb5f7/network-administrator/,2026-09-02
marine_corps,0631,gdit,Network Administrator Intermediate - TS/SCI required,General Dynamics Information Technology,"Fort Belvoir, VA",https://www.gdit.com/careers/job/f413c21d5/network-administrator-intermediate-tssci-required/,97,direct,TS/SCI;Security+;CCNA;VPN;WAN;MPLS;BGP,True,"TS/SCI, Security+, and CCNA are cited in the pasted listing evidence",2026-09-02,Marine 0631 network administration maps directly to this cleared GDIT network role.,current_posting_snapshot,https://www.gdit.com/careers/job/f413c21d5/network-administrator-intermediate-tssci-required/,2026-09-02
coast_guard,IT,gdit,Network Administrator,General Dynamics Information Technology,Undisclosed DoD site,https://www.gdit.com/careers/job/ad66fb5f7/network-administrator/,96,direct,classified systems;network administration;COMSEC;Security+,True,A+ and Security+ are cited; clearance expectations should be verified from the active requisition,2026-09-02,Coast Guard IT classified-systems and network-management duties map directly to GDIT cleared enterprise IT work.,current_posting_snapshot,https://www.gdit.com/careers/job/ad66fb5f7/network-administrator/,2026-09-02
army,25S,leidos,Field/Base Communications Network Engineer,Leidos,"Washington, DC",https://careers.leidos.com/jobs/18094660-field-slash-base-communications-network-engineer,98,direct,SMIT;Navy IT;SATCOM;Secret;Security+;CCNA;routing/switching,True,"Secret, Security+/IAT II, and CCNA-type certification are cited in the pasted listing evidence",2026-09-02,25S satellite communications and network transport experience maps directly to Leidos field/base communications support.,current_posting_snapshot,https://careers.leidos.com/jobs/18094660-field-slash-base-communications-network-engineer,2026-09-02
navy,IT,leidos,Field/Base Communications Network Engineer,Leidos,"Washington, DC",https://careers.leidos.com/jobs/18094660-field-slash-base-communications-network-engineer,99,direct,SMIT;Navy IT;Secret;Security+;CCNA;routing/switching,True,"Secret, Security+/IAT II, and CCNA-type certification are cited in the pasted listing evidence",2026-09-02,Navy IT is a direct feeder for Leidos Navy SMIT and field/base network communications roles.,current_posting_snapshot,https://careers.leidos.com/jobs/18094660-field-slash-base-communications-network-engineer,2026-09-02
marine_corps,0627,leidos,Field/Base Communications Network Engineer,Leidos,"Washington, DC",https://careers.leidos.com/jobs/18094660-field-slash-base-communications-network-engineer,96,direct,SATCOM;field communications;Secret;Security+;routing/switching,True,"Secret, Security+/IAT II, and CCNA-type certification are cited in the pasted listing evidence",2026-09-02,Marine 0627 SATCOM experience maps directly to Leidos tactical network transport and field communications support.,current_posting_snapshot,https://careers.leidos.com/jobs/18094660-field-slash-base-communications-network-engineer,2026-09-02
air_force,1D731A,leidos,Network Engineer,Leidos,"Fort Shafter, HI",https://careers.leidos.com/jobs/18185808-network-engineer,97,direct,LAN/WAN;Cisco;routing/switching;crypto devices;TS/SCI;Security+;CCNP,True,"TS/SCI, Security+, CCNP, DoD communications, Cisco, crypto devices, routing/switching and firewalls are cited in the pasted listing evidence",2026-09-02,1D731A network operations maps directly to this Leidos cleared network-engineer profile.,current_posting_snapshot,https://careers.leidos.com/jobs/18185808-network-engineer,2026-09-02
army,25U,saic,Junior System Administrator,SAIC,"Panama City Beach, FL",https://jobs.saic.com/jobs/18090023-junior-system-administrator,88,adjacent,JEXC2;deployable C2;SATCOM;system administration;Secret;IAT II,True,Secret and DoD IAT II are cited in the pasted listing evidence,2026-09-02,25U tactical communications support can fit SAIC deployable C2 IT work when SATCOM or system-administration duties are documented.,current_posting_snapshot,https://jobs.saic.com/jobs/18090023-junior-system-administrator,2026-09-02
marine_corps,0627,saic,Junior System Administrator,SAIC,"Panama City Beach, FL",https://jobs.saic.com/jobs/18090023-junior-system-administrator,94,direct,JEXC2;deployable C2;SATCOM;system administration;Secret;IAT II,True,Secret and DoD IAT II are cited in the pasted listing evidence,2026-09-02,Marine satellite transmissions experience is a direct match for SAIC deployable JEXC2 command-and-control IT support.,current_posting_snapshot,https://jobs.saic.com/jobs/18090023-junior-system-administrator,2026-09-02
navy,IT,saic,Network Engineer,SAIC,"Panama City Beach, FL",https://jobs.saic.com/jobs/18175589-network-engineer,96,direct,switches;routers;firewalls;VPN;VoIP;VTC;encryption equipment;Secret;IAT II,True,Secret and DoD IAT II are cited in the pasted listing evidence,2026-09-02,Navy IT network and COMSEC experience maps directly to SAIC Navy network engineer work.,current_posting_snapshot,https://jobs.saic.com/jobs/18175589-network-engineer,2026-09-02
marine_corps,0631,saic,Network Engineer,SAIC,"Panama City Beach, FL",https://jobs.saic.com/jobs/18175589-network-engineer,97,direct,switches;routers;firewalls;VPN;VoIP;VTC;encryption equipment;Secret;IAT II,True,Secret and DoD IAT II are cited in the pasted listing evidence,2026-09-02,Marine 0631 routing/switching and NOC experience maps directly to this SAIC network engineer profile.,current_posting_snapshot,https://jobs.saic.com/jobs/18175589-network-engineer,2026-09-02
army,25B,peraton,Systems Administrator - Windows,Peraton,"Fort Huachuca, AZ",https://www.careers.peraton.com/jobs/systems-administrator-windows-fort-huachuca-arizona-167245-jobs--information-technology--,96,direct,Windows;PowerShell;STIG;SCCM/MECM;Security+;IAT II;Secret,True,Secret and Security+/IAT II are cited in the pasted listing evidence,2026-09-02,"25B systems support maps directly to Peraton Windows administration, STIG, SCCM/MECM, and DoD compliance work.",current_posting_snapshot,https://www.careers.peraton.com/jobs/systems-administrator-windows-fort-huachuca-arizona-167245-jobs--information-technology--,2026-09-02
marine_corps,0671,peraton,Systems Administrator,Peraton,"Fort Meade, MD",https://www.careers.peraton.com/jobs/systems-administrator-fort-meade-maryland-169161-jobs--information-technology--,96,direct,systems administration;DoD cyber defense;TS/SCI;Security+;IAT II,True,TS/SCI and Security+/IAT II are cited in the pasted listing evidence,2026-09-02,Marine 0671 data systems administration maps directly to Peraton classified cyber-defense systems administration.,current_posting_snapshot,https://www.careers.peraton.com/jobs/systems-administrator-fort-meade-maryland-169161-jobs--information-technology--,2026-09-02
air_force,1D731D,peraton,Systems Administrator,Peraton,"Fort Meade, MD",https://www.careers.peraton.com/jobs/systems-administrator-fort-meade-maryland-169161-jobs--information-technology--,94,direct,DoD cyber defense;Security Operations;TS/SCI;Security+;IAT II,True,TS/SCI and Security+/IAT II are cited in the pasted listing evidence,2026-09-02,1D731D security operations maps to Peraton systems administration inside DoD cyber-defense environments.,current_posting_snapshot,https://www.careers.peraton.com/jobs/systems-administrator-fort-meade-maryland-169161-jobs--information-technology--,2026-09-02
navy,746A,peraton,Systems Administrator - Windows,Peraton,"Fort Huachuca, AZ",https://www.careers.peraton.com/jobs/systems-administrator-windows-fort-huachuca-arizona-167245-jobs--information-technology--,98,direct,Windows;PowerShell;STIG;SCCM/MECM;Security+;IAT II;Secret,True,Secret and Security+/IAT II are cited in the pasted listing evidence,2026-09-02,Navy 746A information systems administrator duties are nearly verbatim Peraton Windows systems-administrator evidence.,current_posting_snapshot,https://www.careers.peraton.com/jobs/systems-administrator-windows-fort-huachuca-arizona-167245-jobs--information-technology--,2026-09-02
navy,IT,lockheed-sikorsky,Systems Administrator / ALIS,Lockheed Martin,"Lask, Poland",https://www.lockheedmartinjobs.com/job/orlando/systems-administrator-alis-lask-poland/694/95260743552,90,direct,VMware;Hyper-V;RHEL;Windows Server;backups;server hardware;network equipment;Secret,True,"Secret, VMware/Hyper-V, RHEL, Windows Server, backup/restore, server hardware, and network equipment are cited in the pasted listing evidence",2026-09-02,Navy IT systems and network administration maps to Lockheed ALIS systems-administrator work.,current_posting_snapshot,https://www.lockheedmartinjobs.com/job/orlando/systems-administrator-alis-lask-poland/694/95260743552,2026-09-02
air_force,1D731B,lockheed-sikorsky,Systems Administrator / ALIS,Lockheed Martin,"Lask, Poland",https://www.lockheedmartinjobs.com/job/orlando/systems-administrator-alis-lask-poland/694/95260743552,92,direct,VMware;Hyper-V;RHEL;Windows Server;backups;server hardware;network equipment;Secret,True,"Secret, VMware/Hyper-V, RHEL, Windows Server, backup/restore, server hardware, and network equipment are cited in the pasted listing evidence",2026-09-02,1D731B systems operations maps directly to Lockheed classified systems-administrator work.,current_posting_snapshot,https://www.lockheedmartinjobs.com/job/orlando/systems-administrator-alis-lask-poland/694/95260743552,2026-09-02
army,25S,l3harris,"Specialist, Cyber Intelligence - Systems Administrator",L3Harris,"Salt Lake City, UT",https://jobs.l3harris.com/job/Salt-Lake-City-Specialist%2C-Cyber-Intelligence-Systems-Administrator-UT-84116/1425072900/,90,direct,Windows/Linux;RMF;STIG;VMware;Active Directory;ACAS;SCAP;HBSS;incident response;Secret,True,"Secret and Windows/Linux, RMF, STIG, VMware, AD, ACAS/SCAP/HBSS, and incident-response signals are cited in the pasted listing evidence",2026-09-02,"25S communications systems experience is a good L3Harris fit when paired with classified network, RMF, and systems-administration evidence.",current_posting_snapshot,https://jobs.l3harris.com/job/Salt-Lake-City-Specialist%2C-Cyber-Intelligence-Systems-Administrator-UT-84116/1425072900/,2026-09-02
navy,741A,l3harris,"Specialist, Cyber Intelligence - Systems Administrator",L3Harris,"Salt Lake City, UT",https://jobs.l3harris.com/job/Salt-Lake-City-Specialist%2C-Cyber-Intelligence-Systems-Administrator-UT-84116/1425072900/,96,direct,ISSM;RMF;STIG;ACAS;SCAP;HBSS;incident response;Secret,True,Secret and RMF/STIG/ACAS/SCAP/HBSS signals are cited in the pasted listing evidence,2026-09-02,Navy 741A information-system security manager experience maps directly to L3Harris ISSM/RMF systems-administrator work.,current_posting_snapshot,https://jobs.l3harris.com/job/Salt-Lake-City-Specialist%2C-Cyber-Intelligence-Systems-Administrator-UT-84116/1425072900/,2026-09-02
army,92Y,anduril,Logistics Coordinator,Anduril Industries,"Herndon, VA",https://job-boards.greenhouse.io/andurilindustries/jobs/5203398007,96,direct,WMS;shipping;receiving;warehouse;hardware movement;Salesforce,False,,2026-09-02,"Official Anduril Greenhouse snapshot describes WMS order processing, shipping/receiving, warehouse operations, inventory, and hardware movement.",current_posting_snapshot,https://job-boards.greenhouse.io/andurilindustries/jobs/5203398007,2026-09-02
army,92A,anduril,Logistics Coordinator,Anduril Industries,"Herndon, VA",https://job-boards.greenhouse.io/andurilindustries/jobs/5203398007,94,direct,WMS;shipping;receiving;warehouse;hardware movement;Salesforce,False,,2026-09-02,"Anduril logistics duties overlap with 92A warehouse, inventory, material-control, and logistics automation experience.",current_posting_snapshot,https://job-boards.greenhouse.io/andurilindustries/jobs/5203398007,2026-09-02
air_force,2T2X1,anduril,Logistics Coordinator,Anduril Industries,"Herndon, VA",https://job-boards.greenhouse.io/andurilindustries/jobs/5203398007,92,direct,WMS;shipping;receiving;warehouse;hardware movement;freight,False,,2026-09-02,"Anduril shipping, receiving, order processing, and freight coordination map strongly to air transportation and cargo movement experience.",current_posting_snapshot,https://job-boards.greenhouse.io/andurilindustries/jobs/5203398007,2026-09-02
coast_guard,SK,anduril,Logistics Coordinator,Anduril Industries,"Herndon, VA",https://job-boards.greenhouse.io/andurilindustries/jobs/5203398007,92,direct,WMS;shipping;receiving;warehouse;hardware movement;inventory,False,,2026-09-02,"Anduril logistics coordinator duties map cleanly to Coast Guard Storekeeper supply and inventory experience.",current_posting_snapshot,https://job-boards.greenhouse.io/andurilindustries/jobs/5203398007,2026-09-02
army,92Y,amazon-aws,"Logistics Specialist, ADC InfraOps Logistics",Amazon Web Services,"Jessup, MD",https://www.amazon.jobs/en-gb/jobs/10507207/logistics-specialist-adc-infraops-logistics,95,direct,inventory;shipping;receiving;chain of custody;warehouse;box truck,True,Requires U.S. citizenship and TS/SCI with polygraph,2026-09-02,"Amazon posting requires shipping, receiving, inventory and warehousing experience and describes chain-of-custody, loading/unloading, records, and parts movement.",current_posting_snapshot,https://www.amazon.jobs/en-gb/jobs/10507207/logistics-specialist-adc-infraops-logistics,2026-09-02
army,92A,amazon-aws,"Logistics Specialist, ADC InfraOps Logistics",Amazon Web Services,"Jessup, MD",https://www.amazon.jobs/en-gb/jobs/10507207/logistics-specialist-adc-infraops-logistics,94,direct,inventory;shipping;receiving;IMS;warehouse;chain of custody,True,Requires U.S. citizenship and TS/SCI with polygraph,2026-09-02,"AWS data-center logistics directly overlaps with 92A inventory, material-control, equipment-record, and warehouse-system experience.",current_posting_snapshot,https://www.amazon.jobs/en-gb/jobs/10507207/logistics-specialist-adc-infraops-logistics,2026-09-02
air_force,2T2X1,amazon-aws,"Logistics Specialist, ADC InfraOps Logistics",Amazon Web Services,"Jessup, MD",https://www.amazon.jobs/en-gb/jobs/10507207/logistics-specialist-adc-infraops-logistics,94,direct,shipping;receiving;loading;warehouse;transportation;chain of custody,True,Requires U.S. citizenship and TS/SCI with polygraph,2026-09-02,"AWS loading, unloading, shipment, inventory, and parts movement duties are a strong civilian analogue for Air Transportation experience.",current_posting_snapshot,https://www.amazon.jobs/en-gb/jobs/10507207/logistics-specialist-adc-infraops-logistics,2026-09-02
coast_guard,SK,amazon-aws,"Logistics Specialist, ADC InfraOps Logistics",Amazon Web Services,"Jessup, MD",https://www.amazon.jobs/en-gb/jobs/10507207/logistics-specialist-adc-infraops-logistics,92,direct,inventory;shipping;receiving;warehouse;chain of custody;IMS,True,Requires U.S. citizenship and TS/SCI with polygraph,2026-09-02,"AWS logistics duties map to Coast Guard SK supply, inventory, warehouse, and accountable-material experience.",current_posting_snapshot,https://www.amazon.jobs/en-gb/jobs/10507207/logistics-specialist-adc-infraops-logistics,2026-09-02
army,92F,amazon-aws,"Logistics Specialist, ADC InfraOps Logistics",Amazon Web Services,"Manassas/Culpeper, VA",https://amazon.jobs/en/jobs/10510054/logistics-specialist-adc-infraops-logistics,82,adjacent,inventory;shipping;receiving;equipment delivery;route planning;warehouse,True,Requires ability to obtain and maintain TS/SCI with polygraph,2026-09-02,"Amazon Manassas/Culpeper snapshot cites inventory, shipping/receiving, equipment deliveries, route/load planning, and warehouse coordination; use for 92F only when broader unit logistics duties are present.",current_posting_snapshot,https://amazon.jobs/en/jobs/10510054/logistics-specialist-adc-infraops-logistics,2026-09-02
navy,LS,amazon-aws,"Logistics Specialist, ADC InfraOps Logistics",Amazon Web Services,"Manassas/Culpeper, VA",https://amazon.jobs/en/jobs/10510054/logistics-specialist-adc-infraops-logistics,93,direct,inventory;shipping;receiving;equipment delivery;stock control;warehouse,True,Requires ability to obtain and maintain TS/SCI with polygraph,2026-09-02,"Amazon Manassas/Culpeper logistics duties are a direct fit for Navy Logistics Specialist supply, stock-control, and material movement experience.",current_posting_snapshot,https://amazon.jobs/en/jobs/10510054/logistics-specialist-adc-infraops-logistics,2026-09-02
air_force,2T2X1,amazon-aws,"Logistics Specialist, ADC InfraOps Logistics",Amazon Web Services,"Manassas/Culpeper, VA",https://amazon.jobs/en/jobs/10510054/logistics-specialist-adc-infraops-logistics,92,direct,inventory;shipping;receiving;equipment delivery;route planning;warehouse,True,Requires ability to obtain and maintain TS/SCI with polygraph,2026-09-02,"Amazon Manassas/Culpeper logistics duties map to cargo movement, warehouse, transportation, and equipment-delivery experience.",current_posting_snapshot,https://amazon.jobs/en/jobs/10510054/logistics-specialist-adc-infraops-logistics,2026-09-02
air_force,2T0X1,amazon-aws,"Transportation Procurement Mgr, AWS Cloud Logistics, Procurement",Amazon Web Services,"Austin, TX",https://www.amazon.jobs/en-gb/jobs/10493152/transportation-procurement-mgr-aws-cloud-logistics-procurement,94,direct,transportation procurement;freight;RFP;RFQ;carrier management;rate benchmarking,False,,2026-09-02,"AWS role manages transportation-provider sourcing, RFP/RFQ/RFI work, freight capacity, commercial negotiations, and supplier performance; it is a senior target for traffic-management veterans.",current_posting_snapshot,https://www.amazon.jobs/en-gb/jobs/10493152/transportation-procurement-mgr-aws-cloud-logistics-procurement,2026-09-02
coast_guard,SK,amazon-aws,"Supply Chain Specialist, GPCS",Amazon,"Tempe, AZ",https://www.amazon.jobs/cs/jobs/10480626/supply-chain-specialist-gpcs-gpcs,88,direct,forecasting;inventory management;cycle counts;procurement transactions;expediting;purchase orders,False,,2026-09-02,"Amazon GPCS official snapshot cites forecasting, inventory management, cycle counts, procurement transaction support, expediting, and supplier coordination.",current_posting_snapshot,https://www.amazon.jobs/cs/jobs/10480626/supply-chain-specialist-gpcs-gpcs,2026-09-02
army,92Y,amazon-aws,"Supply Chain Specialist, GPCS",Amazon,"Tempe, AZ",https://www.amazon.jobs/cs/jobs/10480626/supply-chain-specialist-gpcs-gpcs,88,direct,forecasting;inventory management;cycle counts;procurement transactions;expediting;purchase orders,False,,2026-09-02,"Amazon GPCS is a lower-barrier procurement/supply-chain example for 92Y personnel with Excel, stock-control, and requisitioning experience.",current_posting_snapshot,https://www.amazon.jobs/cs/jobs/10480626/supply-chain-specialist-gpcs-gpcs,2026-09-02
coast_guard,SK,boeing,"Spirit Defense - Associate Supply Chain Procurement Agent",Boeing / Spirit Defense,"Wichita, KS",https://jobs.boeing.com/job/wichita/spirit-defense-associate-supply-chain-procurement-agent/185/99764141152,90,direct,procurement;supplier management;MRP;SAP;inventory demand;Secret,True,Ability to obtain U.S. Secret and Special Program Access cited by Boeing,2026-09-02,"Boeing/Spirit role asks for supply-chain experience and covers supplier activity, RFQs/RFPs, contracts, forecasting, inventory demand, and supply-chain planning.",current_posting_snapshot,https://jobs.boeing.com/job/wichita/spirit-defense-associate-supply-chain-procurement-agent/185/99764141152,2026-09-02
army,92Y,boeing,"Spirit Defense - Associate Supply Chain Procurement Agent",Boeing / Spirit Defense,"Wichita, KS",https://jobs.boeing.com/job/wichita/spirit-defense-associate-supply-chain-procurement-agent/185/99764141152,82,adjacent,procurement;supplier management;MRP;SAP;inventory demand;Secret,True,Ability to obtain U.S. Secret and Special Program Access cited by Boeing,2026-09-02,"Use this as a progression target for 92Y only when the service record shows purchasing, vendor, or supply-chain administration beyond issuing equipment.",current_posting_snapshot,https://jobs.boeing.com/job/wichita/spirit-defense-associate-supply-chain-procurement-agent/185/99764141152,2026-09-02
coast_guard,SK,boeing,Associate Procurement Agent,Boeing,"Hialeah, FL or Wichita, KS",https://jobs.boeing.com/job/hialeah/associate-procurement-agent/185/99905036512,88,direct,procurement;sourcing;purchase orders;supplier quality;ERP;contracts,False,,2026-09-02,"Boeing posting covers supplier purchase orders/contracts, source selection, RFPs, supplier performance, ERP, and procurement/sourcing experience.",current_posting_snapshot,https://jobs.boeing.com/job/hialeah/associate-procurement-agent/185/99905036512,2026-09-02
air_force,2T0X1,boeing,Associate Procurement Agent,Boeing,"Hialeah, FL or Wichita, KS",https://jobs.boeing.com/job/hialeah/associate-procurement-agent/185/99905036512,78,adjacent,procurement;sourcing;purchase orders;supplier quality;ERP;contracts,False,,2026-09-02,"This is an adjacent path for 2T0X1 personnel only where traffic-management experience includes supplier, carrier, RFP, or contracting exposure.",current_posting_snapshot,https://jobs.boeing.com/job/hialeah/associate-procurement-agent/185/99905036512,2026-09-02
navy,AZ,boeing,"Supply Chain Analyst Level 2-3 - B-52J CERP",Boeing,"Oklahoma City, OK",https://jobs.boeing.com/en/job/oklahoma-city/supply-chain-analyst-level-2-3-b-52j-cerp/185/99550189104,95,direct,B-52J;shortage tracking;maintenance planning;scheduling;supply-chain metrics;Secret,True,Ability to obtain U.S. Secret cited by Boeing,2026-09-02,"Boeing role tracks shortages, schedules, procurement plans, supply-chain metrics, and mitigation plans, which maps directly to AZ maintenance administration and planning experience.",current_posting_snapshot,https://jobs.boeing.com/en/job/oklahoma-city/supply-chain-analyst-level-2-3-b-52j-cerp/185/99550189104,2026-09-02
air_force,2R2X1,boeing,"Supply Chain Analyst Level 2-3 - B-52J CERP",Boeing,"Oklahoma City, OK",https://jobs.boeing.com/en/job/oklahoma-city/supply-chain-analyst-level-2-3-b-52j-cerp/185/99550189104,96,direct,B-52J;shortage tracking;maintenance planning;scheduling;supply-chain metrics;Secret,True,Ability to obtain U.S. Secret cited by Boeing,2026-09-02,"Boeing explicitly accepts relevant military experience and describes shortage tracking, scheduling, procurement planning, and supply-chain mitigation work matching Maintenance Management.",current_posting_snapshot,https://jobs.boeing.com/en/job/oklahoma-city/supply-chain-analyst-level-2-3-b-52j-cerp/185/99550189104,2026-09-02
air_force,2R0X1,boeing,"Supply Chain Analyst Level 2-3 - B-52J CERP",Boeing,"Oklahoma City, OK",https://jobs.boeing.com/en/job/oklahoma-city/supply-chain-analyst-level-2-3-b-52j-cerp/185/99550189104,94,direct,B-52J;shortage tracking;maintenance analysis;scheduling;supply-chain metrics;Secret,True,Ability to obtain U.S. Secret cited by Boeing,2026-09-02,"Legacy 2R0X1 maintenance analysis maps to Boeing's shortage tracking, metrics, data analysis, and supply-chain mitigation responsibilities.",current_posting_snapshot,https://jobs.boeing.com/en/job/oklahoma-city/supply-chain-analyst-level-2-3-b-52j-cerp/185/99550189104,2026-09-02
air_force,2R1X1,boeing,"Supply Chain Analyst Level 2-3 - B-52J CERP",Boeing,"Oklahoma City, OK",https://jobs.boeing.com/en/job/oklahoma-city/supply-chain-analyst-level-2-3-b-52j-cerp/185/99550189104,94,direct,B-52J;shortage tracking;production control;scheduling;supply-chain metrics;Secret,True,Ability to obtain U.S. Secret cited by Boeing,2026-09-02,"Legacy 2R1X1 production-control experience maps to Boeing's schedule, shortage, and procurement-plan tracking responsibilities.",current_posting_snapshot,https://jobs.boeing.com/en/job/oklahoma-city/supply-chain-analyst-level-2-3-b-52j-cerp/185/99550189104,2026-09-02
air_force,2T0X1,leidos,Supply Class Planner,Leidos,"Aiea, HI",https://careers.leidos.com/jobs/18125267-supply-class-planner,86,direct,classes of supply;transportation;distribution;sustainment planning;USPACOM;TS/SCI,True,Active TS with SCI eligibility required prior to start,2026-09-02,"Leidos role plans all classes of supply and coordinates with supply, transportation, and distribution teams; senior experience and TS/SCI are required.",current_posting_snapshot,https://careers.leidos.com/jobs/18125267-supply-class-planner,2026-09-02
army,92F,leidos,Supply Class Planner,Leidos,"Aiea, HI",https://careers.leidos.com/jobs/18125267-supply-class-planner,84,adjacent,classes of supply;Class III;transportation;distribution;sustainment planning;TS/SCI,True,Active TS with SCI eligibility required prior to start,2026-09-02,"Leidos supply-class planning is a senior sustainment target for 92F where fuel logistics is paired with broader DoD supply planning experience.",current_posting_snapshot,https://careers.leidos.com/jobs/18125267-supply-class-planner,2026-09-02
