Slug,City,State,CbsaGeoid,CbsaSource,OnsiteHybrid
ia-cedar-rapids,Cedar Rapids,IA,16300,county_crosswalk,187
ma-tewksbury,Tewksbury,MA,14460,county_crosswalk,185
ma-andover,Andover,MA,14460,county_crosswalk,180
tx-mckinney,Mckinney,TX,19100,county_crosswalk,172
ma-marlborough,Marlborough,MA,14460,county_crosswalk,135
ma-woburn,Woburn,MA,14460,county_crosswalk,80
co-aurora,Aurora,CO,19740,county_crosswalk,67
ca-el-segundo,El Segundo,CA,31080,county_crosswalk,67
pr-aguadilla,Aguadilla,PR,10380,county_crosswalk,61
me-north-berwick,North Berwick,ME,38860,county_crosswalk,43
tx-richardson,Richardson,TX,19100,county_crosswalk,43
ny-clayville,Clayville,NY,46540,county_crosswalk,31
fl-largo,Largo,FL,45300,county_crosswalk,31
ri-portsmouth,Portsmouth,RI,39300,county_crosswalk,30
fl-melbourne,Melbourne,FL,37340,county_crosswalk,29
tx-plano,Plano,TX,19100,county_crosswalk,28
fl-jupiter,Jupiter,FL,33100,county_crosswalk,24
il-rockford,Rockford,IL,40420,county_crosswalk,24
pr-santa-isabel,Santa Isabel,PR,10380,county_crosswalk,20
va-sterling,Sterling,VA,47900,county_crosswalk,20
nc-winston-salem,Winston-Salem,NC,49180,county_crosswalk,20
ca-fullerton,Fullerton,CA,31080,county_crosswalk,19
ks-lenexa,Lenexa,KS,28140,county_crosswalk,18
ar-springdale,Springdale,AR,22220,county_crosswalk,18
al-foley,Foley,AL,19300,county_crosswalk,17
md-fulton,Fulton,MD,12580,county_crosswalk,13
va-chesapeake,Chesapeake,VA,47260,county_crosswalk,12
ca-carlsbad,Carlsbad,CA,41740,county_crosswalk,11
fl-miramar,Miramar,FL,33100,county_crosswalk,11
ia-west-des-moines,West Des Moines,IA,19780,county_crosswalk,11
va-arlington,Arlington,VA,47900,county_crosswalk,10
pa-middletown,Middletown,PA,25420,county_crosswalk,10
ma-westford,Westford,MA,14460,county_crosswalk,10
nc-wilson,Wilson,NC,48980,county_crosswalk,10
nc-charlotte,Charlotte,NC,16740,county_crosswalk,9
ca-chula-vista,Chula Vista,CA,41740,county_crosswalk,9
ca-riverside,Riverside,CA,40140,county_crosswalk,9
tx-san-marcos,San Marcos,TX,12420,county_crosswalk,9
oh-troy,Troy,OH,19430,county_crosswalk,9
ia-coralville,Coralville,IA,26980,county_crosswalk,8
wa-everett,Everett,WA,42660,county_crosswalk,8
ca-fairfield,Fairfield,CA,46700,county_crosswalk,8
nm-farmington,Farmington,NM,22140,county_crosswalk,8
tx-irving,Irving,TX,19100,county_crosswalk,8
nh-pelham,Pelham,NH,31700,county_crosswalk,8
md-columbia,Columbia,MD,12580,county_crosswalk,7
fl-st-petersburg,St Petersburg,FL,45300,county_crosswalk,7
mi-holt,Holt,MI,29620,county_crosswalk,6
va-langley-afb,Langley Afb,VA,47260,county_crosswalk,6
ut-west-valley-city,West Valley City,UT,41620,county_crosswalk,6
va-alexandria,Alexandria,VA,47900,county_crosswalk,5
wv-bridgeport,Bridgeport,WV,17220,county_crosswalk,5
md-ft-george-g-meade,Ft George G Meade,MD,12580,county_crosswalk,5
ok-lawton,Lawton,OK,30020,county_crosswalk,5
ny-middletown,Middletown,NY,39100,county_crosswalk,5
ca-santa-fe-springs,Santa Fe Springs,CA,31080,county_crosswalk,5
vt-south-burlington,South Burlington,VT,15540,county_crosswalk,5
va-springfield,Springfield,VA,47900,county_crosswalk,5
ca-anaheim,Anaheim,CA,31080,county_crosswalk,4
md-annapolis,Annapolis,MD,12580,county_crosswalk,4
pa-chambersburg,Chambersburg,PA,16540,county_crosswalk,4
mi-lansing,Lansing,MI,29620,county_crosswalk,4
ca-lompoc,Lompoc,CA,42200,county_crosswalk,4
ca-sacramento,Sacramento,CA,40900,county_crosswalk,4
tx-wichita-falls,Wichita Falls,TX,48660,county_crosswalk,4
or-wilsonville,Wilsonville,OR,38900,county_crosswalk,4
md-aberdeen,Aberdeen,MD,12580,county_crosswalk,3
md-annapolis-junction,Annapolis Junction,MD,12580,county_crosswalk,3
ga-college-park,College Park,GA,12060,county_crosswalk,3
co-denver,Denver,CO,19740,county_crosswalk,3
tx-fort-bliss,Fort Bliss,TX,21340,county_crosswalk,3
tx-fort-worth,Fort Worth,TX,19100,county_crosswalk,3
nm-las-cruces,Las Cruces,NM,29740,county_crosswalk,3
wa-poulsbo,Poulsbo,WA,14740,county_crosswalk,3
ca-san-jose,San Jose,CA,41940,county_crosswalk,3
il-springfield,Springfield,IL,44100,county_crosswalk,3
ok-tinker-afb,Tinker Afb,OK,36420,county_crosswalk,3
ut-virgin,Virgin,UT,41100,county_crosswalk,3
dc-washington,Washington,DC,47900,county_crosswalk,3
nm-white-sands,White Sands,NM,29740,county_crosswalk,3
md-andrews-afb,Andrews Afb,MD,47900,county_crosswalk,2
va-ashburn,Ashburn,VA,47900,county_crosswalk,2
ca-beale-afb,Beale Afb,CA,49700,county_crosswalk,2
ma-bedford,Bedford,MA,14460,county_crosswalk,2
wa-bothell,Bothell,WA,42660,county_crosswalk,2
fl-cape-canaveral,Cape Canaveral,FL,37340,county_crosswalk,2
va-charlottesville,Charlottesville,VA,16820,county_crosswalk,2
il-des-plaines,Des Plaines,IL,16980,county_crosswalk,2
ca-edwards-afb,Edwards Afb,CA,12540,county_crosswalk,2
va-fort-belvoir,Fort Belvoir,VA,47900,county_crosswalk,2
tx-grand-prairie,Grand Prairie,TX,19100,county_crosswalk,2
fl-hurlburt-field,Hurlburt Field,FL,18880,county_crosswalk,2
ca-livermore,Livermore,CA,41860,county_crosswalk,2
az-marana,Marana,AZ,46060,county_crosswalk,2
fl-medley,Medley,FL,33100,county_crosswalk,2
oh-miamisburg,Miamisburg,OH,19430,county_crosswalk,2
nc-monroe,Monroe,NC,16740,county_crosswalk,2
nj-moorestown,Moorestown,NJ,37980,county_crosswalk,2
sc-north-charleston,North Charleston,SC,16700,county_crosswalk,2
ms-pascagoula,Pascagoula,MS,25060,county_crosswalk,2
ma-pittsfield,Pittsfield,MA,38340,county_crosswalk,2
va-richmond,Richmond,VA,40060,county_crosswalk,2
ca-san-miguel,San Miguel,CA,41860,county_crosswalk,2
sc-simpsonville,Simpsonville,SC,24860,county_crosswalk,2
ga-warner-robins,Warner Robins,GA,47580,county_crosswalk,2
fl-west-palm-beach,West Palm Beach,FL,33100,county_crosswalk,2
md-abingdon,Abingdon,MD,12580,county_crosswalk,1
md-adelphi,Adelphi,MD,47900,county_crosswalk,1
hi-aiea,Aiea,HI,46520,county_crosswalk,1
or-albany,Albany,OR,10540,county_crosswalk,1
pa-allentown,Allentown,PA,10900,county_crosswalk,1
ga-alpharetta,Alpharetta,GA,12060,county_crosswalk,1
mi-ann-arbor,Ann Arbor,MI,11460,county_crosswalk,1
al-anniston,Anniston,AL,11500,county_crosswalk,1
mo-arnold,Arnold,MO,41180,county_crosswalk,1
ri-ashaway,Ashaway,RI,39300,county_crosswalk,1
wa-auburn,Auburn,WA,42660,county_crosswalk,1
ga-augusta,Augusta,GA,12260,county_crosswalk,1
il-aurora,Aurora,IL,16980,county_crosswalk,1
tx-austin,Austin,TX,12420,county_crosswalk,1
ca-barstow,Barstow,CA,40140,county_crosswalk,1
la-baton-rouge,Baton Rouge,LA,12940,county_crosswalk,1
sc-beaufort,Beaufort,SC,25940,county_crosswalk,1
oh-beavercreek,Beavercreek,OH,19430,county_crosswalk,1
md-bethesda,Bethesda,MD,47900,county_crosswalk,1
pa-bethlehem,Bethlehem,PA,10900,county_crosswalk,1
mi-big-rapids,Big Rapids,MI,13660,county_crosswalk,1
ny-bohemia,Bohemia,NY,35620,county_crosswalk,1
pa-bristol,Bristol,PA,37980,county_crosswalk,1
md-california,California,MD,15680,county_crosswalk,1
ma-cambridge,Cambridge,MA,14460,county_crosswalk,1
md-camp-springs,Camp Springs,MD,47900,county_crosswalk,1
il-carbondale,Carbondale,IL,16060,county_crosswalk,1
pa-carlisle,Carlisle,PA,25420,county_crosswalk,1
nj-carlstadt,Carlstadt,NJ,35620,county_crosswalk,1
nv-carson-city,Carson City,NV,17820,county_crosswalk,1
co-centennial,Centennial,CO,19740,county_crosswalk,1
az-chandler,Chandler,AZ,38060,county_crosswalk,1
sc-charleston-afb,Charleston AFB,SC,16700,county_crosswalk,1
nc-cherry-point,Cherry Point,NC,35100,county_crosswalk,1
wv-clarksburg,Clarksburg,WV,17220,county_crosswalk,1
oh-cleveland,Cleveland,OH,17460,county_crosswalk,1
nj-clifton,Clifton,NJ,35620,county_crosswalk,1
md-clinton,Clinton,MD,47900,county_crosswalk,1
nm-clovis,Clovis,NM,17580,county_crosswalk,1
il-collinsville,Collinsville,IL,41180,county_crosswalk,1
ma-concord,Concord,MA,14460,county_crosswalk,1
tx-corpus-christi,Corpus Christi,TX,18580,county_crosswalk,1
ca-cypress,Cypress,CA,31080,county_crosswalk,1
oh-dayton,Dayton,OH,19430,county_crosswalk,1
fl-daytona-beach,Daytona Beach,FL,19660,county_crosswalk,1
mi-dearborn,Dearborn,MI,19820,county_crosswalk,1
tx-del-rio,Del Rio,TX,19620,county_crosswalk,1
wa-des-moines,Des Moines,WA,42660,county_crosswalk,1
mi-detroit,Detroit,MI,19820,county_crosswalk,1
mn-duluth,Duluth,MN,20260,county_crosswalk,1
nh-durham,Durham,NH,14460,county_crosswalk,1
nc-durham,Durham,NC,20500,county_crosswalk,1
mn-eagan,Eagan,MN,33460,county_crosswalk,1
fl-east-pensacola-heights,East Pensacola Heights,FL,37860,county_crosswalk,1
pa-easton,Easton,PA,10900,county_crosswalk,1
nj-egg-harbor-city,Egg Harbor City,NJ,12100,county_crosswalk,1
nj-egg-harbor-township,Egg Harbor Township,NJ,35620,county_crosswalk,1
fl-eglin-air-force-base,Eglin Air Force Base,FL,18880,county_crosswalk,1
ak-eielson-afb,Eielson Afb,AK,21820,county_crosswalk,1
ca-el-dorado-hills,El Dorado Hills,CA,40900,county_crosswalk,1
sd-ellsworth-afb,Ellsworth AFB,SD,39660,county_crosswalk,1
co-englewood,Englewood,CO,19740,county_crosswalk,1
ak-fairbanks,Fairbanks,AK,21820,county_crosswalk,1
ma-fall-river,Fall River,MA,39300,county_crosswalk,1
mn-farmington,Farmington,MN,33460,county_crosswalk,1
wa-federal-way,Federal Way,WA,42660,county_crosswalk,1
va-forest,Forest,VA,31340,county_crosswalk,1
ga-fort-benning,Fort Benning,GA,17980,county_crosswalk,1
ky-fort-campbell,Fort Campbell,KY,17300,county_crosswalk,1
md-fort-george-g-meade,Fort George G Meade,MD,12580,county_crosswalk,1
la-fort-johnson,Fort Johnson,LA,24140,county_crosswalk,1
fl-fort-lauderdale,Fort Lauderdale,FL,33100,county_crosswalk,1
wa-fort-lewis,Fort Lewis,WA,42660,county_crosswalk,1
md-fort-meade,Fort Meade,MD,12580,county_crosswalk,1
ks-fort-riley,Fort Riley,KS,31740,county_crosswalk,1
fl-fort-walton-beach,Fort Walton Beach,FL,18880,county_crosswalk,1
ma-framingham,Framingham,MA,14460,county_crosswalk,1
ky-frankfort,Frankfort,KY,23180,county_crosswalk,1
md-frederick,Frederick,MD,47900,county_crosswalk,1
tx-freer,Freer,TX,10860,county_crosswalk,1
ca-fremont,Fremont,CA,41860,county_crosswalk,1
fl-gainesville,Gainesville,FL,23540,county_crosswalk,1
md-gaithersburg,Gaithersburg,MD,47900,county_crosswalk,1
ca-gardena,Gardena,CA,31080,county_crosswalk,1
pa-gibsonia,Gibsonia,PA,38300,county_crosswalk,1
az-glendale,Glendale,AZ,38060,county_crosswalk,1
tx-goodfellow-afb,Goodfellow AFB,TX,41660,county_crosswalk,1
sc-goose-creek,Goose Creek,SC,16700,county_crosswalk,1
mi-grand-rapids,Grand Rapids,MI,24340,county_crosswalk,1
il-great-lakes,Great Lakes,IL,16980,county_crosswalk,1
md-greenbelt,Greenbelt,MD,47900,county_crosswalk,1
tx-haltom-city,Haltom City,TX,19100,county_crosswalk,1
la-hammond,Hammond,LA,25220,county_crosswalk,1
va-hampton,Hampton,VA,47260,county_crosswalk,1
pa-harrisburg,Harrisburg,PA,25420,county_crosswalk,1
al-hazel-green,Hazel Green,AL,26620,county_crosswalk,1
va-herndon,Herndon,VA,47900,county_crosswalk,1
nc-hertford,Hertford,NC,21020,county_crosswalk,1
hi-hickam-afb,Hickam AFB,HI,46520,county_crosswalk,1
ut-hill-air-force-base,Hill Air Force Base,UT,36260,county_crosswalk,1
fl-hilliard,Hilliard,FL,27260,county_crosswalk,1
sc-hilton-head-island,Hilton Head Island,SC,25940,county_crosswalk,1
fl-homestead,Homestead,FL,33100,county_crosswalk,1
wv-huntington,Huntington,WV,26580,county_crosswalk,1
mo-independence,Independence,MO,28140,county_crosswalk,1
nv-indian-springs,Indian Springs,NV,29820,county_crosswalk,1
mi-jackson,Jackson,MI,27100,county_crosswalk,1
ny-jamaica,Jamaica,NY,35620,county_crosswalk,1
ms-john-c-stennis-space-center,John C Stennis Space Center,MS,25060,county_crosswalk,1
ia-johnston,Johnston,IA,19780,county_crosswalk,1
ks-junction-city,Junction City,KS,31740,county_crosswalk,1
hi-kahului,Kahului,HI,27980,county_crosswalk,1
mi-kalamazoo,Kalamazoo,MI,28020,county_crosswalk,1
mo-kansas-city,Kansas City,MO,28140,county_crosswalk,1
fl-kennedy-space-center,Kennedy Space Center,FL,23980,county_crosswalk,1
wa-keyport,Keyport,WA,14740,county_crosswalk,1
tx-killeen,Killeen,TX,28660,county_crosswalk,1
tx-kingsville,Kingsville,TX,28780,county_crosswalk,1
co-lafayette,Lafayette,CO,14500,county_crosswalk,1
la-lafayette,Lafayette,LA,29180,county_crosswalk,1
fl-lake-suzy,Lake Suzy,FL,16980,county_crosswalk,1
ca-lakewood,Lakewood,CA,31080,county_crosswalk,1
pa-lancaster,Lancaster,PA,29540,county_crosswalk,1
md-laurel,Laurel,MD,47900,county_crosswalk,1
ky-lexington,Lexington,KY,30460,county_crosswalk,1
md-lexington-park,Lexington Park,MD,15680,county_crosswalk,1
md-linthicum,Linthicum,MD,12580,county_crosswalk,1
nh-londonderry,Londonderry,NH,14460,county_crosswalk,1
ms-long-beach,Long Beach,MS,25060,county_crosswalk,1
co-longmont,Longmont,CO,14500,county_crosswalk,1
va-lorton,Lorton,VA,47900,county_crosswalk,1
co-loveland,Loveland,CO,22660,county_crosswalk,1
tx-lubbock,Lubbock,TX,31180,county_crosswalk,1
wa-lynnwood,Lynnwood,WA,42660,county_crosswalk,1
wi-madison,Madison,WI,31540,county_crosswalk,1
hi-marine-corps-base-kaneohe-bay,Marine Corps Base Kaneohe Bay,HI,41220,county_crosswalk,1
ca-marysville,Marysville,CA,49700,county_crosswalk,1
oh-mason,Mason,OH,17140,county_crosswalk,1
ok-mcalester,Mcalester,OK,32540,county_crosswalk,1
va-mclean,McLean,VA,47900,county_crosswalk,1
pa-mechanicsburg,Mechanicsburg,PA,25420,county_crosswalk,1
id-meridian,Meridian,ID,14260,county_crosswalk,1
fl-merritt-island,Merritt Island,FL,37340,county_crosswalk,1
mi-milford,Milford,MI,19820,county_crosswalk,1
tn-millington,Millington,TN,32820,county_crosswalk,1
nd-minot,Minot,ND,33500,county_crosswalk,1
mi-muskegon,Muskegon,MI,34740,county_crosswalk,1
ma-natick,Natick,MA,14460,county_crosswalk,1
nv-nellis-afb,Nellis Afb,NV,29820,county_crosswalk,1
va-new-kent,New Kent,VA,40060,county_crosswalk,1
ny-new-york,New York,NY,35620,county_crosswalk,1
nj-newark,Newark,NJ,35620,county_crosswalk,1
ri-newport,Newport,RI,39300,county_crosswalk,1
va-newport-news,Newport News,VA,47260,county_crosswalk,1
gu-nimitz-hill,Nimitz Hill,GU,26980,county_crosswalk,1
ca-norco,Norco,CA,40140,county_crosswalk,1
ny-north-amityville,North Amityville,NY,35620,county_crosswalk,1
wa-north-fort-lewis,North Fort Lewis,WA,42660,county_crosswalk,1
nv-north-las-vegas,North Las Vegas,NV,29820,county_crosswalk,1
ut-north-logan,North Logan,UT,30860,county_crosswalk,1
ma-northampton,Northampton,MA,44140,county_crosswalk,1
mi-norton-shores,Norton Shores,MI,34740,county_crosswalk,1
tn-oak-ridge,Oak Ridge,TN,28940,county_crosswalk,1
ca-oakland,Oakland,CA,41860,county_crosswalk,1
ca-oceanside,Oceanside,CA,41740,county_crosswalk,1
md-odenton,Odenton,MD,12580,county_crosswalk,1
ne-offutt-air-force-base,Offutt Air Force Base,NE,36540,county_crosswalk,1
ut-ogden,Ogden,UT,36260,county_crosswalk,1
ks-olathe,Olathe,KS,28140,county_crosswalk,1
wa-olympia,Olympia,WA,36500,county_crosswalk,1
ca-ontario,Ontario,CA,40140,county_crosswalk,1
ca-oxnard,Oxnard,CA,37100,county_crosswalk,1
ca-palmdale,Palmdale,CA,31080,county_crosswalk,1
wv-parkersburg,Parkersburg,WV,37620,county_crosswalk,1
ca-pasadena,Pasadena,CA,31080,county_crosswalk,1
md-patuxent-river,Patuxent River,MD,15680,county_crosswalk,1
hi-pearl-harbor,Pearl Harbor,HI,46520,county_crosswalk,1
nj-picatinny-arsenal,Picatinny Arsenal,NJ,35620,county_crosswalk,1
mi-plymouth,Plymouth,MI,19820,county_crosswalk,1
mi-pontiac,Pontiac,MI,19820,county_crosswalk,1
ca-port-hueneme,Port Hueneme,CA,37100,county_crosswalk,1
mi-port-huron,Port Huron,MI,19820,county_crosswalk,1
va-portsmouth,Portsmouth,VA,47260,county_crosswalk,1
tx-premont,Premont,TX,10860,county_crosswalk,1
nj-princeton,Princeton,NJ,45940,county_crosswalk,1
ca-rancho-cordova,Rancho Cordova,CA,40900,county_crosswalk,1
pa-reading,Reading,PA,39740,county_crosswalk,1
wa-redmond,Redmond,WA,42660,county_crosswalk,1
va-reston,Reston,VA,47900,county_crosswalk,1
ca-ridgecrest,Ridgecrest,CA,12540,county_crosswalk,1
ga-robins-afb,Robins AFB,GA,47580,county_crosswalk,1
il-rock-island,Rock Island,IL,19340,county_crosswalk,1
md-rockville,Rockville,MD,47900,county_crosswalk,1
tx-rockwall,Rockwall,TX,19100,county_crosswalk,1
mi-saginaw,Saginaw,MI,40980,county_crosswalk,1
tx-san-angelo,San Angelo,TX,41660,county_crosswalk,1
ca-san-dimas,San Dimas,CA,31080,county_crosswalk,1
ca-san-francisco,San Francisco,CA,41860,county_crosswalk,1
pr-san-juan,San Juan,PR,41980,county_crosswalk,1
ca-santa-ana,Santa Ana,CA,31080,county_crosswalk,1
co-schriever-afb,Schriever Afb,CO,26380,county_crosswalk,1
il-scott-afb,Scott AFB,IL,41180,county_crosswalk,1
il-scott-air-force-base,Scott Air Force Base,IL,41180,county_crosswalk,1
az-scottsdale,Scottsdale,AZ,38060,county_crosswalk,1
ca-seaside,Seaside,CA,41500,county_crosswalk,1
wa-seattle,Seattle,WA,42660,county_crosswalk,1
pa-seven-fields,Seven Fields,PA,38300,county_crosswalk,1
fl-shalimar,Shalimar,FL,18880,county_crosswalk,1
wa-silverdale,Silverdale,WA,14740,county_crosswalk,1
nj-south-plainfield,South Plainfield,NJ,35620,county_crosswalk,1
mi-southfield,Southfield,MI,19820,county_crosswalk,1
nv-sparks,Sparks,NV,39900,county_crosswalk,1
wa-spokane-valley,Spokane Valley,WA,44060,county_crosswalk,1
fl-st-augustine,St. Augustine,FL,27260,county_crosswalk,1
mo-st-louis,St. Louis,MO,41180,county_crosswalk,1
mn-st-paul,St. Paul,MN,33460,county_crosswalk,1
va-stafford,Stafford,VA,47900,county_crosswalk,1
ms-stennis-space-center,Stennis Space Center,MS,25060,county_crosswalk,1
mi-sterling-heights,Sterling Heights,MI,19820,county_crosswalk,1
va-suffolk,Suffolk,VA,47260,county_crosswalk,1
md-suitland,Suitland,MD,47900,county_crosswalk,1
fl-sunrise,Sunrise,FL,33100,county_crosswalk,1
wa-tacoma,Tacoma,WA,42660,county_crosswalk,1
fl-tampa,Tampa,FL,45300,county_crosswalk,1
az-tempe,Tempe,AZ,38060,county_crosswalk,1
in-terre-haute,Terre Haute,IN,45460,county_crosswalk,1
tx-the-woodlands,The Woodlands,TX,26420,county_crosswalk,1
oh-toledo,Toledo,OH,45780,county_crosswalk,1
mi-traverse-city,Traverse City,MI,45900,county_crosswalk,1
ca-twentynine-palms,Twentynine Palms,CA,40140,county_crosswalk,1
oh-uniontown,Uniontown,OH,15940,county_crosswalk,1
wa-vancouver,Vancouver,WA,38900,county_crosswalk,1
va-vienna,Vienna,VA,47900,county_crosswalk,1
ca-vista,Vista,CA,41740,county_crosswalk,1
tx-waco,Waco,TX,47380,county_crosswalk,1
hi-wahiawa,Wahiawa,HI,46520,county_crosswalk,1
mi-walled-lake,Walled Lake,MI,19820,county_crosswalk,1
va-warrenton,Warrenton,VA,47900,county_crosswalk,1
dc-washington-d-c,Washington D.C.,DC,47900,county_crosswalk,1
dc-washington-navy-yard,Washington Navy Yard,DC,47900,county_crosswalk,1
tx-webster,Webster,TX,26420,county_crosswalk,1
oh-whitehall,Whitehall,OH,18140,county_crosswalk,1
mo-whiteman-afb,Whiteman AFB,MO,47660,county_crosswalk,1
pa-williamsport,Williamsport,PA,48700,county_crosswalk,1
ma-wilmington,Wilmington,MA,14460,county_crosswalk,1
ma-worcester,Worcester,MA,49340,county_crosswalk,1
oh-wright-patterson-afb,Wright-Patterson Afb,OH,19430,county_crosswalk,1
nj-wrightstown,Wrightstown,NJ,37980,county_crosswalk,1
ca-yorba-linda,Yorba Linda,CA,31080,county_crosswalk,1
pa-york,York,PA,49620,county_crosswalk,1
va-yorktown,Yorktown,VA,47260,county_crosswalk,1
oh-youngstown,Youngstown,OH,49660,county_crosswalk,1
