Company,ATS,Title,Field,Team,Location,Region,Employment,PayMin,PayMax,PayInterval,Education,URL
Hermeus,Lever,Aerodynamics Engineer,Engineering,Vehicle Analysis,"Los Angeles, CA",US (CONUS),Full-time,91800,140250,per-year-salary,Bachelor's,https://jobs.lever.co/hermeus/c9187245-a6b2-415a-ae4c-14aa18bb4207
Hermeus,Lever,Airworthiness Manager,Test,Flight Operations,Remote,US/Remote,Full-time,165000,220000,per-year-salary,Bachelor's,https://jobs.lever.co/hermeus/2d8f8684-1cb4-47bd-913d-72d4ab90505b
Hermeus,Lever,Associate Facilities Manager,Internal Operations,Facilities,"Los Angeles, CA",US (CONUS),Full-time,100000,125000,per-year-salary,Bachelor's,https://jobs.lever.co/hermeus/50a06e36-406a-48ce-a4a5-b60239137834
Hermeus,Lever,Autonomy Software Engineer,Engineering,Flight Software,"Los Angeles, CA",US (CONUS),Full-time,110000,160000,per-year-salary,Bachelor's,https://jobs.lever.co/hermeus/4b1f62d7-4a70-4d79-b83d-f8a6cae6ccaa
Hermeus,Lever,Avionics Electrical Engineer,Engineering,Avionics Hardware,"Atlanta, GA",US (CONUS),Full-time,91800,140250,per-year-salary,Bachelor's,https://jobs.lever.co/hermeus/64350d64-adbe-4129-9dae-b1de6f0f1d24
Hermeus,Lever,Avionics Electrical Engineer,Engineering,Avionics Hardware,"Los Angeles, CA",US (CONUS),Full-time,91800,140250,per-year-salary,Bachelor's,https://jobs.lever.co/hermeus/9ad6f012-cabb-439f-bd6c-fe967a278bed
Hermeus,Lever,Avionics Manufacturing Engineer,Manufacturing,Manufacturing Engineering,"Atlanta, GA",US (CONUS),Full-time,110000,180000,per-year-salary,Bachelor's,https://jobs.lever.co/hermeus/6a817380-3349-41ee-bcc7-6bca6c63648d
Hermeus,Lever,Avionics Shop Manager,Engineering,Avionics Hardware,"Los Angeles, CA",US (CONUS),Full-time,138125,220000,per-year-salary,Bachelor's,https://jobs.lever.co/hermeus/5ffd7b96-64f2-4038-8abf-ae908117b9be
Hermeus,Lever,Avionics Systems Engineer – Flight Safety Systems (FTS / AFSS),Engineering,Avionics Hardware,"Los Angeles, CA",US (CONUS),Full-time,91800,224250,per-year-salary,,https://jobs.lever.co/hermeus/2657e7b0-bfae-4f24-afe3-0f1bc573c721
Hermeus,Lever,Build Engineer,Engineering,Vehicle Systems,"Los Angeles, CA",US (CONUS),Full-time,91800,140250,per-year-salary,Bachelor's,https://jobs.lever.co/hermeus/ca83685d-3471-4d6e-aee5-5372e13e3b92
Hermeus,Lever,Build Engineer - Propulsion,Engineering,Engines and Propulsion,"Los Angeles, CA",US (CONUS),Full-time,91800,187450,per-year-salary,Bachelor's,https://jobs.lever.co/hermeus/d0a4d7af-5325-4bd5-9a07-a74d286ded52
Hermeus,Lever,Chief Engineer - Airbreathing Propulsion Test,Engineering,Engines and Propulsion,"Jacksonville, FL",US (CONUS),Full-time,138550,247250,per-year-salary,Bachelor's,https://jobs.lever.co/hermeus/747e5198-3fd6-497d-958c-8737af243d53
Hermeus,Lever,Components Manufacturing Engineer,Manufacturing,Manufacturing Engineering,"Los Angeles, CA",US (CONUS),Full-time,95000,170000,per-year-salary,Bachelor's,https://jobs.lever.co/hermeus/89631544-8479-4f4c-b5b1-e423763dd0ee
Hermeus,Lever,Engineering Solutions Systems Administrator (TeamCenter),Internal Operations,Information / Software Engineering,"Los Angeles, CA",US (CONUS),Full-time,136000,226550,per-year-salary,Bachelor's,https://jobs.lever.co/hermeus/4651315a-9255-465d-8067-749f4c309869
Hermeus,Lever,Executive Assistant,General,General,"Los Angeles, CA",US (CONUS),Full-time,95000,125000,per-year-salary,,https://jobs.lever.co/hermeus/5b78c233-5bf7-4688-9e6e-75ca86c0ce32
Hermeus,Lever,F100 MRO,Engineering,Engines and Propulsion,"Los Angeles, CA",US (CONUS),Full-time,91800,187450,per-year-salary,Bachelor's,https://jobs.lever.co/hermeus/6e0f95a0-9685-4c71-ab9a-f6406012bf22
Hermeus,Lever,Facilities Manager,Internal Operations,Facilities,"Atlanta, GA",US (CONUS),Full-time,90000,130000,per-year-salary,Bachelor's,https://jobs.lever.co/hermeus/a3325ef3-551f-4b0a-8172-c61f2dc110cb
Hermeus,Lever,Financial Analyst,Finance,Finance,"Los Angeles, CA",US (CONUS),Full-time,98000,133000,per-year-salary,,https://jobs.lever.co/hermeus/67ef654e-ca7c-4dce-8084-5bf57a8bebea
Hermeus,Lever,Flight Software Engineer,Engineering,Flight Software,"Los Angeles, CA",US (CONUS),Full-time,105000,125000,per-year-salary,Bachelor's,https://jobs.lever.co/hermeus/de110c1f-faa3-4442-a5ff-bcffb958608a
Hermeus,Lever,Flight Software Engineering Intern - Fall 2026,Internships,Internships,"Atlanta, GA",US (CONUS),Intern,25,33,per-hour-wage,,https://jobs.lever.co/hermeus/51378fa0-0327-45fd-9420-b6e7d8b56440
Hermeus,Lever,Integration Engineer - Avionics,Manufacturing,Manufacturing Engineering,"Los Angeles, CA",US (CONUS),Full-time,138550,224250,per-year-salary,,https://jobs.lever.co/hermeus/10dfd3c6-544c-4742-9a66-e0ca7f45d4c3
Hermeus,Lever,Integration Engineer – Fluid & Propulsion Systems,Manufacturing,Manufacturing Engineering,"Los Angeles, CA",US (CONUS),Full-time,105750,169625,per-year-salary,Bachelor's,https://jobs.lever.co/hermeus/752b1855-d29b-4d53-bda5-05de9b6dcec2
Hermeus,Lever,Integration Engineer – Structures & Assembly,Manufacturing,Manufacturing Engineering,"Los Angeles, CA",US (CONUS),Full-time,105750,169625,per-year-salary,Bachelor's,https://jobs.lever.co/hermeus/7e4072dc-b257-4c32-9e78-fe31c4e84aa1
Hermeus,Lever,Inventory Specialist,Manufacturing,Manufacturing Operations,"Los Angeles, CA",US (CONUS),Full-time,20,38,per-hour-wage,,https://jobs.lever.co/hermeus/3b8728e9-5018-4747-a1ee-1b6665912330
Hermeus,Lever,L&D Associate,People Operations,People Operations,"Los Angeles, CA",US (CONUS),Full-time,89000,120000,per-year-salary,Bachelor's,https://jobs.lever.co/hermeus/e691aa03-241c-4ff9-9b13-fe6dc0e7d5fc
Hermeus,Lever,Lead Avionics Engineer,Engineering,Avionics Hardware,"Los Angeles, CA",US (CONUS),Full-time,138550,187450,per-year-salary,Bachelor's,https://jobs.lever.co/hermeus/366fcfca-e4cc-4e91-b9a5-2eca834db32a
Hermeus,Lever,Lead Propulsion Component Engineer,Engineering,Engines and Propulsion,"Los Angeles, CA",US (CONUS),Full-time,138550,187450,per-year-salary,Bachelor's,https://jobs.lever.co/hermeus/7cedc86d-26b2-4d5c-8668-803d588416b8
Hermeus,Lever,"Legal Counsel, Subcontracts & Supply Chain",Legal,Legal,"Los Angeles, CA",US (CONUS),Full-time,170000,225000,per-year-salary,,https://jobs.lever.co/hermeus/a3698fa8-f4df-4c8a-8616-e321278cd4e5
Hermeus,Lever,Loads and Dynamics Engineer,Engineering,Vehicle Analysis,"Los Angeles, CA",US (CONUS),Full-time,91800,140250,per-year-salary,Bachelor's,https://jobs.lever.co/hermeus/030c518e-2799-4656-893a-4f74f95371dc
Hermeus,Lever,"Manufacturing Engineer, New Grad",Manufacturing,Manufacturing Engineering,"Los Angeles, CA",US (CONUS),Full-time,91800,112200,per-year-salary,Bachelor's,https://jobs.lever.co/hermeus/d4adbb25-8f9c-4dc0-92dc-958355babd43
Hermeus,Lever,Manufacturing Engineering Intern - Fall 2026,Internships,Internships,"Los Angeles, CA",US (CONUS),Intern,25,33,per-hour-wage,Master's,https://jobs.lever.co/hermeus/a1f3aa29-72ea-4843-b2ea-801f3bef73ae
Hermeus,Lever,Mechanical Engineer,Engineering,Vehicle Systems,"Los Angeles, CA",US (CONUS),Full-time,91800,140250,per-year-salary,Bachelor's,https://jobs.lever.co/hermeus/1cb23a10-1e5d-4edb-8303-69675fabacdf
Hermeus,Lever,Mechanical Engineering Intern  - Fall 2026,Internships,Internships,"Los Angeles, CA",US (CONUS),Intern,25,33,per-hour-wage,Master's,https://jobs.lever.co/hermeus/6b6afa4a-b37d-4033-ac3b-e6501a951b98
Hermeus,Lever,Mission Manager,Product,Mission Management,"Jacksonville, FL",US (CONUS),Full-time,150000,180000,per-year-salary,Bachelor's,https://jobs.lever.co/hermeus/b2788d17-64a8-448e-90dd-9bb1f05dd988
Hermeus,Lever,Powertrain Responsible Engineer,Engineering,Mechanical,"Los Angeles, CA",US (CONUS),Full-time,91800,187450,per-year-salary,Bachelor's,https://jobs.lever.co/hermeus/67dbc926-3519-403b-84c3-0568bdc8ff1e
Hermeus,Lever,Propulsion Component Responsible Engineer,Engineering,Engines and Propulsion,"Los Angeles, CA",US (CONUS),Full-time,91800,187450,per-year-salary,Bachelor's,https://jobs.lever.co/hermeus/1fefe7a1-1e77-43f6-85b0-86b6990bd8b1
Hermeus,Lever,Propulsion Development Engineer,Engineering,Engines and Propulsion,"Los Angeles, CA",US (CONUS),Full-time,91800,187450,per-year-salary,Bachelor's,https://jobs.lever.co/hermeus/be9f1489-a625-4c85-b7fc-c9eb7ecceae2
Hermeus,Lever,Propulsion Integration Technician,Manufacturing,Technicians,"Los Angeles, CA",US (CONUS),Full-time,30,50,per-hour-wage,,https://jobs.lever.co/hermeus/c8a56717-b584-4e1b-8698-9307f077aaaf
Hermeus,Lever,Propulsion Test Engineering Intern - Fall 2026,Internships,Internships,"Jacksonville, FL",US (CONUS),Intern,25,33,per-hour-wage,Master's,https://jobs.lever.co/hermeus/31513d2a-8e08-424b-b125-4f972fcfc805
Hermeus,Lever,Propulsion Test Technician,Test,Propulsion Test,"Jacksonville, FL",US (CONUS),Full-time,25,39,per-hour-wage,,https://jobs.lever.co/hermeus/59eda204-dd97-41e0-b473-5d0666c2599c
Hermeus,Lever,Quality Inspector,Manufacturing,Quality,"Los Angeles, CA",US (CONUS),Full-time,30,50,per-hour-wage,,https://jobs.lever.co/hermeus/44c7cfd7-af73-48be-845d-e0089baffaf9
Hermeus,Lever,RF Systems Engineer,Engineering,Avionics Hardware,"Atlanta, GA",US (CONUS),Full-time,138550,187450,per-year-salary,Bachelor's,https://jobs.lever.co/hermeus/6f54e100-a8fc-496c-8bcf-cd912054b4ce
Hermeus,Lever,Senior Autonomy Software Engineer,Engineering,Flight Software,"Los Angeles, CA",US (CONUS),Full-time,130000,210000,per-year-salary,Bachelor's,https://jobs.lever.co/hermeus/57b7c954-2e19-4875-823a-278d84be3018
Hermeus,Lever,Senior Avionics Electrical Engineer,Engineering,Avionics Hardware,"Los Angeles, CA",US (CONUS),Full-time,138550,187450,per-year-salary,Bachelor's,https://jobs.lever.co/hermeus/64e6d3d7-8314-47f1-862f-6e69156cce52
Hermeus,Lever,Senior Avionics Electrical Engineer,Engineering,Avionics Hardware,"Atlanta, GA",US (CONUS),Full-time,138550,187450,per-year-salary,Bachelor's,https://jobs.lever.co/hermeus/8337162e-a49e-45b0-820a-c5afdae74569
Hermeus,Lever,Senior Electrical Engineer - Power Electronics,Engineering,Avionics Hardware,"Los Angeles, CA",US (CONUS),Full-time,138550,187450,per-year-salary,Bachelor's,https://jobs.lever.co/hermeus/0fda1e3b-9044-4720-bd76-7fc87075f628
Hermeus,Lever,Senior Flight Software Engineer,Engineering,Flight Software,"Los Angeles, CA",US (CONUS),Full-time,159750,195250,per-year-salary,Bachelor's,https://jobs.lever.co/hermeus/7b67e340-00ad-4cf3-bd45-2449d01540c9
Hermeus,Lever,Senior Flight Software Engineer,Engineering,Flight Software,"Atlanta, GA",US (CONUS),Full-time,159750,195250,per-year-salary,Bachelor's,https://jobs.lever.co/hermeus/b226d61a-7b51-4c61-8939-e844319e3390
Hermeus,Lever,Senior Flight Test Engineer,Test,Flight Test,"Los Angeles, CA",US (CONUS),Full-time,138550,187450,per-year-salary,Bachelor's,https://jobs.lever.co/hermeus/95cda804-0732-4f1d-bcc9-f0f1af90d848
Hermeus,Lever,Senior Mechanisms Engineer,Engineering,Mechanical,"Los Angeles, CA",US (CONUS),Full-time,138550,187450,per-year-salary,Bachelor's,https://jobs.lever.co/hermeus/672ff719-6150-497b-a33a-a3f8b7e6ff0e
Hermeus,Lever,Senior Operations and Test Engineer,Test,Flight Test,"Los Angeles, CA",US (CONUS),Full-time,138550,187450,per-year-salary,Bachelor's,https://jobs.lever.co/hermeus/447c33d5-ef60-4c5e-a3b4-3caf5d353940
Hermeus,Lever,Senior RF Systems Engineer,Engineering,Avionics Hardware,"Atlanta, GA",US (CONUS),Full-time,138550,187450,per-year-salary,Bachelor's,https://jobs.lever.co/hermeus/42763f66-a17f-480c-95e2-88b6e8816ed2
Hermeus,Lever,Senior RF Systems Engineer,Engineering,Avionics Hardware,"Los Angeles, CA",US (CONUS),Full-time,138550,187450,per-year-salary,Bachelor's,https://jobs.lever.co/hermeus/7da28373-1836-4e5f-a431-57a3f7888769
Hermeus,Lever,Senior Software Simulation Engineer,Engineering,Flight Software,"Los Angeles, CA",US (CONUS),Full-time,150000,190000,per-year-salary,Bachelor's,https://jobs.lever.co/hermeus/5d43ea57-060d-442e-adab-9a3291120fc7
Hermeus,Lever,"Senior Strategic Sourcing Manager, Indirect",Internal Operations,Supply Chain,"Los Angeles, CA",US (CONUS),Full-time,135575,211888,per-year-salary,Bachelor's,https://jobs.lever.co/hermeus/9c34a3d8-a0f2-4174-807f-53b47dea802b
Hermeus,Lever,Senior Structures Engineer,Engineering,Structures,"Los Angeles, CA",US (CONUS),Full-time,138550,187450,per-year-salary,Bachelor's,https://jobs.lever.co/hermeus/5a282d9c-cada-40db-b400-a0d1f175d2b3
Hermeus,Lever,Senior Welding Engineer,Manufacturing,Manufacturing Engineering,"Los Angeles, CA",US (CONUS),Full-time,140000,200000,per-year-salary,Bachelor's,https://jobs.lever.co/hermeus/4734f233-b4b0-40ce-99fc-6e8fb725701b
Hermeus,Lever,Senior/Principal Mission Software Engineer,Engineering,Mission Systems,"Atlanta, GA",US (CONUS),Full-time,128250,156750,per-year-salary,Bachelor's,https://jobs.lever.co/hermeus/b27bc2f6-f62d-4e5e-ae92-6dd5bebe9fc8
Hermeus,Lever,Sheet Metal Manufacturing Engineer,Manufacturing,Manufacturing Engineering,"Los Angeles, CA",US (CONUS),Full-time,95000,145000,per-year-salary,Bachelor's,https://jobs.lever.co/hermeus/6ea3271e-4437-4729-b597-a3183de6a464
Hermeus,Lever,Sheet Metal Shop Technician,Manufacturing,Technicians,"Los Angeles, CA",US (CONUS),Full-time,30,50,per-hour-wage,,https://jobs.lever.co/hermeus/7fb22acd-1e1c-4f58-a3a8-58844f6a621c
Hermeus,Lever,Software Engineering Intern (Command & Control) - Fall 2026,Internships,Internships,"Atlanta, GA",US (CONUS),Intern,25,33,per-hour-wage,Master's,https://jobs.lever.co/hermeus/a3a1f0ea-6a4f-42e5-81c8-3b34dac22a67
Hermeus,Lever,Spike Inlet Mechanisms Build Engineer,Engineering,Engines and Propulsion,"Los Angeles, CA",US (CONUS),Full-time,91800,187450,per-year-salary,Bachelor's,https://jobs.lever.co/hermeus/81017d07-174b-4c95-8522-b13681be9833
Hermeus,Lever,Sr Purchasing Specialist - Avionics & Mission Systems,Internal Operations,Supply Chain,"Atlanta, GA",US (CONUS),Full-time,103950,154275,per-year-salary,Bachelor's,https://jobs.lever.co/hermeus/1b10faab-f6d5-49da-a03b-1ca97e9eb316
Hermeus,Lever,Strategic Finance Analyst,Finance,Finance,"Los Angeles, CA",US (CONUS),Full-time,110000,145000,per-year-salary,Bachelor's,https://jobs.lever.co/hermeus/88965a67-0070-422f-850f-72004afb465b
Hermeus,Lever,Structures Design Engineer,Engineering,Structures,"Los Angeles, CA",US (CONUS),Full-time,91800,187450,per-year-salary,Bachelor's,https://jobs.lever.co/hermeus/79e7c701-41c6-45ba-948f-532787100a22
Hermeus,Lever,Structures Manufacturing Engineer,Manufacturing,Manufacturing Engineering,"Los Angeles, CA",US (CONUS),Full-time,95000,140000,per-year-salary,Bachelor's,https://jobs.lever.co/hermeus/71f71b6f-bc10-48da-b289-ac74808a9a41
Hermeus,Lever,Test and Operations Engineering Intern - Fall 2026,Internships,Internships,"Los Angeles, CA",US (CONUS),Intern,25,33,per-hour-wage,Master's,https://jobs.lever.co/hermeus/6afd9372-2a91-4935-b7a5-7a1cf4eb960b
Hermeus,Lever,Test Engineer,Test,Subsystem Test,"Atlanta, GA",US (CONUS),Full-time,114750,180000,per-year-salary,Bachelor's,https://jobs.lever.co/hermeus/55f58c50-4373-4ec0-9e9c-1abf3a96539d
Hermeus,Lever,Test Engineer,Test,Subsystem Test,"Los Angeles, CA",US (CONUS),Full-time,114750,180000,per-year-salary,Bachelor's,https://jobs.lever.co/hermeus/efab6659-7548-4dd7-93f0-a9c93dc83d42
Hermeus,Lever,Test Pilot,Test,Flight Test,"Los Angeles, CA",US (CONUS),Full-time,135000,250000,per-year-salary,,https://jobs.lever.co/hermeus/0813ee0a-a51d-420b-878c-062d9e2bed07
Hermeus,Lever,Test Technician / Specialist,Test,Subsystem Test,"Los Angeles, CA",US (CONUS),Full-time,35,55,per-hour-wage,,https://jobs.lever.co/hermeus/292906b1-2d19-4a18-9d68-a504851e5278
Hermeus,Lever,Test Technician / Specialist,Test,Subsystem Test,"Atlanta, GA",US (CONUS),Full-time,35,55,per-hour-wage,,https://jobs.lever.co/hermeus/3eab58bc-8cff-483a-9bf2-f6a25d97cbfa
Hermeus,Lever,Thermal Engineer,Engineering,Vehicle Systems,"Los Angeles, CA",US (CONUS),Full-time,91800,140250,per-year-salary,Bachelor's,https://jobs.lever.co/hermeus/50279b49-21fc-499f-b5de-4fd0c827d6df
Hermeus,Lever,Tooling Engineer,Manufacturing,Manufacturing Engineering,"Los Angeles, CA",US (CONUS),Full-time,138550,187450,per-year-salary,Bachelor's,https://jobs.lever.co/hermeus/e1646e24-8eab-4857-ac14-9dd20dade062
Hermeus,Lever,Vehicle Integration Technician,Manufacturing,Technicians,"Los Angeles, CA",US (CONUS),Full-time,30,50,per-hour-wage,,https://jobs.lever.co/hermeus/585c5a52-20b1-45ea-9b9e-48bd311ba9ef
Hermeus,Lever,Welder,Manufacturing,Manufacturing Operations,"Los Angeles, CA",US (CONUS),Full-time,25,65,per-hour-wage,,https://jobs.lever.co/hermeus/7190eb5d-01e1-4a0d-b9e4-cfa626689ddd
