"Company","ATS","Title","Field","Team","Location","Region","Employment","PayMin","PayMax","PayInterval","Education","URL","DefenseRelevance","DefenseSignal"
"SpaceX","Greenhouse","AI Engineer, Special Programs - Top Secret Clearance","Starshield AI Engineering","","Palo Alto, CA","US (CONUS)","","","","","","https://boards.greenhouse.io/spacex/jobs/8557073002?gh_jid=8557073002","cleared","top secret"
"SpaceX","Greenhouse","AI Engineer, Special Programs - Top Secret Clearance","Starshield AI Engineering","","Washington, DC","US (CONUS)","","","","","","https://boards.greenhouse.io/spacex/jobs/8557219002?gh_jid=8557219002","cleared","top secret"
"SpaceX","Greenhouse","Antenna Engineer (Starship) ","Starship Electronics","","Hawthorne, CA","US (CONUS)","","","","","","https://boards.greenhouse.io/spacex/jobs/8533338002?gh_jid=8533338002","cleared","active clearance"
"SpaceX","Greenhouse","Avionics Integration & Test Engineer (Starshield)","Starshield Production","","Hawthorne, CA","US (CONUS)","","","","","","https://boards.greenhouse.io/spacex/jobs/8625626002?gh_jid=8625626002","cleared","top secret"
"SpaceX","Greenhouse","Avionics Test Engineer (Starshield)","Components Test - Starshield","","Hawthorne, CA","US (CONUS)","","","","","","https://boards.greenhouse.io/spacex/jobs/8501166002?gh_jid=8501166002","cleared","top secret"
"SpaceX","Greenhouse","Certified Welding Inspector, NDE (Launch)","Launch NDE - East","","Cape Canaveral, FL","US (CONUS)","","","","","","https://boards.greenhouse.io/spacex/jobs/8470464002?gh_jid=8470464002","gov_customer","dod"
"SpaceX","Greenhouse","Classified Cyber Assurance Analyst","Government Security Programs","","Hawthorne, CA","US (CONUS)","","","","","","https://boards.greenhouse.io/spacex/jobs/8594579002?gh_jid=8594579002","cleared","top secret"
"SpaceX","Greenhouse","Communications Security Account Manager ","Government Security Programs","","Hawthorne, CA","US (CONUS)","","","","","","https://boards.greenhouse.io/spacex/jobs/8622739002?gh_jid=8622739002","cleared","top secret"
"SpaceX","Greenhouse","COMSEC Account Manager ","Government Security Programs","","Hawthorne, CA","US (CONUS)","","","","","","https://boards.greenhouse.io/spacex/jobs/8622731002?gh_jid=8622731002","cleared","top secret"
"SpaceX","Greenhouse","COMSEC Analyst ","Government Security Programs","","Hawthorne, CA","US (CONUS)","","","","","","https://boards.greenhouse.io/spacex/jobs/8594523002?gh_jid=8594523002","cleared","top secret"
"SpaceX","Greenhouse","COMSEC Responsible Officer","Government Security Programs","","Hawthorne, CA","US (CONUS)","","","","","","https://boards.greenhouse.io/spacex/jobs/8622749002?gh_jid=8622749002","cleared","top secret"
"SpaceX","Greenhouse","Design Criteria Engineer (Starshield)","Starshield Satellite Engineering","","Hawthorne, CA","US (CONUS)","","","","","","https://boards.greenhouse.io/spacex/jobs/8492189002?gh_jid=8492189002","cleared","top secret"
"SpaceX","Greenhouse","Diamond Turning Machinist (Starshield)","Starshield Production","","Hawthorne, CA","US (CONUS)","","","","","","https://boards.greenhouse.io/spacex/jobs/8523980002?gh_jid=8523980002","gov_customer","national security"
"SpaceX","Greenhouse","Diamond Turning Machinist (Starshield) - Level 4/5","Starshield Production","","Hawthorne, CA","US (CONUS)","","","","","","https://boards.greenhouse.io/spacex/jobs/8523995002?gh_jid=8523995002","gov_customer","national security"
"SpaceX","Greenhouse","Electrical Design Engineer (Starshield)","Starshield Satellite Engineering","","Hawthorne, CA","US (CONUS)","","","","","","https://boards.greenhouse.io/spacex/jobs/8676042002?gh_jid=8676042002","cleared","active clearance"
"SpaceX","Greenhouse","Electrical Test Engineer (Starshield)","Components Test - Starshield","","Hawthorne, CA","US (CONUS)","","","","","","https://boards.greenhouse.io/spacex/jobs/8643997002?gh_jid=8643997002","cleared","top secret"
"SpaceX","Greenhouse","Electric Propulsion Engineer, Mechanical (Starshield) ","Starshield Satellite Engineering","","Hawthorne, CA","US (CONUS)","","","","","","https://boards.greenhouse.io/spacex/jobs/8650130002?gh_jid=8650130002","cleared","top secret"
"SpaceX","Greenhouse","Electromechanical Technician (Starshield)","Starshield Production","","Hawthorne, CA","US (CONUS)","","","","","","https://boards.greenhouse.io/spacex/jobs/8569955002?gh_jid=8569955002","gov_customer","national security"
"SpaceX","Greenhouse","Electromechanical Technician (Starshield) - Level 4/5","Starshield Production","","Hawthorne, CA","US (CONUS)","","","","","","https://boards.greenhouse.io/spacex/jobs/8569969002?gh_jid=8569969002","gov_customer","national security"
"SpaceX","Greenhouse","Embedded Software Engineer, OS/Platform (Starshield)","Starshield Software Engineering","","Hawthorne, CA","US (CONUS)","","","","","","https://boards.greenhouse.io/spacex/jobs/8530798002?gh_jid=8530798002","cleared","top secret"
"SpaceX","Greenhouse","Full Stack Software Engineer - Simulation & Flight Systems","Special Programs","","Hawthorne, CA","US (CONUS)","","","","","","https://boards.greenhouse.io/spacex/jobs/8731959002?gh_jid=8731959002","cleared","top secret"
"SpaceX","Greenhouse","Full Stack Software Engineer (Starshield)","Starshield Software Engineering","","Hawthorne, CA","US (CONUS)","","","","","","https://boards.greenhouse.io/spacex/jobs/8610872002?gh_jid=8610872002","cleared","top secret"
"SpaceX","Greenhouse","Global Sourcing Manager (Starshield)","Starshield - Supply Chain","","Hawthorne, CA","US (CONUS)","","","","","","https://boards.greenhouse.io/spacex/jobs/8510348002?gh_jid=8510348002","gov_customer","national security"
"SpaceX","Greenhouse","GNC Engineer, ADCS (Starshield)","Starshield Satellite Engineering","","Hawthorne, CA","US (CONUS)","","","","","","https://boards.greenhouse.io/spacex/jobs/8749175002?gh_jid=8749175002","cleared","top secret"
"SpaceX","Greenhouse","GNC Engineer, Beam Planning (Starshield)","Starshield Satellite Engineering","","Hawthorne, CA","US (CONUS)","","","","","","https://boards.greenhouse.io/spacex/jobs/8564124002?gh_jid=8564124002","cleared","ts/sci"
"SpaceX","Greenhouse","GNC Engineer, Fleet Management (Starshield)","Starshield Satellite Engineering","","Hawthorne, CA","US (CONUS)","","","","","","https://boards.greenhouse.io/spacex/jobs/8564126002?gh_jid=8564126002","cleared","top secret"
"SpaceX","Greenhouse","GNC Engineer, Phased Array Devices (Starshield) ","Starshield Satellite Engineering","","Hawthorne, CA","US (CONUS)","","","","","","https://boards.greenhouse.io/spacex/jobs/8749195002?gh_jid=8749195002","cleared","top secret"
"SpaceX","Greenhouse","Government Affairs Director, X","Global Business & Government Affairs","","Washington, DC","US (CONUS)","","","","","","https://boards.greenhouse.io/spacex/jobs/8707392002?gh_jid=8707392002","gov_customer","federal government"
"SpaceX","Greenhouse","Government Affairs Manager (Federal)","Global Business & Government Affairs","","Washington, DC","US (CONUS)","","","","","","https://boards.greenhouse.io/spacex/jobs/8441122002?gh_jid=8441122002","gov_customer","federal government"
"SpaceX","Greenhouse","Government Affairs Manager (National Security) ","Global Business & Government Affairs","","Washington, DC","US (CONUS)","","","","","","https://boards.greenhouse.io/spacex/jobs/8511132002?gh_jid=8511132002","gov_customer","national security"
"SpaceX","Greenhouse","Government Program Development Manager (Federal Civil Agencies)","Global Business & Government Affairs","","Washington, DC","US (CONUS)","","","","","","https://boards.greenhouse.io/spacex/jobs/8647718002?gh_jid=8647718002","cleared","top secret"
"SpaceX","Greenhouse","Government Program Development Manager (International)","Global Business & Government Affairs","","Washington, DC","US (CONUS)","","","","","","https://boards.greenhouse.io/spacex/jobs/8647689002?gh_jid=8647689002","cleared","top secret"
"SpaceX","Greenhouse","Ground Network Specialist (Starshield)","Starshield Satellite Engineering","","Hawthorne, CA","US (CONUS)","","","","","","https://boards.greenhouse.io/spacex/jobs/8555569002?gh_jid=8555569002","cleared","top secret"
"SpaceX","Greenhouse","Hardware Reliability Engineer, Components (Starshield) ","Starshield Satellite Engineering","","Hawthorne, CA","US (CONUS)","","","","","","https://boards.greenhouse.io/spacex/jobs/8696659002?gh_jid=8696659002","cleared","top secret"
"SpaceX","Greenhouse","Hardware Reliability Engineer, Electrical (Starshield)","Starshield Production","","Hawthorne, CA","US (CONUS)","","","","","","https://boards.greenhouse.io/spacex/jobs/8625576002?gh_jid=8625576002","cleared","top secret"
"SpaceX","Greenhouse","Hardware Reliability Engineer, Mechanical (Starshield)","Starshield Production","","Hawthorne, CA","US (CONUS)","","","","","","https://boards.greenhouse.io/spacex/jobs/8657631002?gh_jid=8657631002","cleared","top secret"
"SpaceX","Greenhouse","Hardware Reliability Engineer (Starshield)","Starshield Production","","Hawthorne, CA","US (CONUS)","","","","","","https://boards.greenhouse.io/spacex/jobs/8625574002?gh_jid=8625574002","cleared","top secret"
"SpaceX","Greenhouse","Harness Design Engineer (Starshield) ","Starshield Satellite Engineering","","Hawthorne, CA","US (CONUS)","","","","","","https://boards.greenhouse.io/spacex/jobs/8635886002?gh_jid=8635886002","cleared","top secret"
"SpaceX","Greenhouse","Harness Engineering Specialist (Starshield)","Starshield Satellite Engineering","","Hawthorne, CA","US (CONUS)","","","","","","https://boards.greenhouse.io/spacex/jobs/8635913002?gh_jid=8635913002","cleared","top secret"
"SpaceX","Greenhouse","Industrial Security Analyst (CSSO/CPSO)","Government Security Programs","","Vandenberg, CA","US (CONUS)","","","","","","https://boards.greenhouse.io/spacex/jobs/8717341002?gh_jid=8717341002","cleared","top secret"
"SpaceX","Greenhouse","Information System Security Manager ","Government Security Programs","","Hawthorne, CA","US (CONUS)","","","","","","https://boards.greenhouse.io/spacex/jobs/8599803002?gh_jid=8599803002","cleared","top secret"
"SpaceX","Greenhouse","Information System Security Officer ","Government Security Programs","","Hawthorne, CA","US (CONUS)","","","","","","https://boards.greenhouse.io/spacex/jobs/8599825002?gh_jid=8599825002","cleared","top secret"
"SpaceX","Greenhouse","Integration Technician (Falcon Operations) - Multiple Shifts   ","Falcon Operations West","","Vandenberg, CA","US (CONUS)","","","","","","https://boards.greenhouse.io/spacex/jobs/8533342002?gh_jid=8533342002","cleared","top secret"
"SpaceX","Greenhouse","Integration Technician (Payloads) - Multiple Shifts","Falcon Operations West","","Vandenberg, CA","US (CONUS)","","","","","","https://boards.greenhouse.io/spacex/jobs/8533487002?gh_jid=8533487002","cleared","top secret"
"SpaceX","Greenhouse","Integration Technician (Starshield)","Starshield Production","","Hawthorne, CA","US (CONUS)","","","","","","https://boards.greenhouse.io/spacex/jobs/8635662002?gh_jid=8635662002","gov_customer","national security"
"SpaceX","Greenhouse","Integration Technician (Starshield) - Level 4/5","Starshield Production","","Hawthorne, CA","US (CONUS)","","","","","","https://boards.greenhouse.io/spacex/jobs/8635683002?gh_jid=8635683002","gov_customer","national security"
"SpaceX","Greenhouse","IT Network Engineer, Mission Systems","Information Technology - Business","","Cape Canaveral, FL","US (CONUS)","","","","","","https://boards.greenhouse.io/spacex/jobs/8679658002?gh_jid=8679658002","gov_customer","dod"
"SpaceX","Greenhouse","IT Network Engineer - Top Secret Clearance","Information Technology - Corporate","","Hawthorne, CA","US (CONUS)","","","","","","https://boards.greenhouse.io/spacex/jobs/8456295002?gh_jid=8456295002","cleared","ts/sci"
"SpaceX","Greenhouse","IT Operations Engineer","Information Technology - Business","","Cape Canaveral, FL","US (CONUS)","","","","","","https://boards.greenhouse.io/spacex/jobs/8684618002?gh_jid=8684618002","gov_customer","dod"
"SpaceX","Greenhouse","IT Storage Engineer","Information Technology - Corporate","","Cape Canaveral, FL","US (CONUS)","","","","","","https://boards.greenhouse.io/spacex/jobs/8698113002?gh_jid=8698113002","gov_customer","dod"
"SpaceX","Greenhouse","IT Systems Administrator, Mission Systems","Information Technology - Business","","Vandenberg, CA","US (CONUS)","","","","","","https://boards.greenhouse.io/spacex/jobs/8525777002?gh_jid=8525777002","gov_customer","dod"
"SpaceX","Greenhouse","IT Systems Engineer - Top Secret Clearance","Information Technology - Corporate","","Hawthorne, CA","US (CONUS)","","","","","","https://boards.greenhouse.io/spacex/jobs/8548102002?gh_jid=8548102002","cleared","ts/sci"
"SpaceX","Greenhouse","IT Windows Systems Engineer - Top Secret Clearance","Information Technology - Corporate","","Hawthorne, CA","US (CONUS)","","","","","","https://boards.greenhouse.io/spacex/jobs/8548907002?gh_jid=8548907002","cleared","ts/sci"
"SpaceX","Greenhouse","Launch Engineer, Spacecraft Integration (Payloads)","Falcon Integration West","","Vandenberg, CA","US (CONUS)","","","","","","https://boards.greenhouse.io/spacex/jobs/8622779002?gh_jid=8622779002","cleared","security clearance"
"SpaceX","Greenhouse","Launch Pad Technician - Multiple Shifts   ","Vandenberg - Pad Technicians","","Vandenberg, CA","US (CONUS)","","","","","","https://boards.greenhouse.io/spacex/jobs/8761378002?gh_jid=8761378002","cleared","top secret"
"SpaceX","Greenhouse","Lead Hardware Reliability Engineer, Electrical (Starshield)","Starshield Production","","Hawthorne, CA","US (CONUS)","","","","","","https://boards.greenhouse.io/spacex/jobs/8633964002?gh_jid=8633964002","cleared","top secret"
"SpaceX","Greenhouse","Lead Integration & Test Engineer (Starshield)","Starshield Production","","Hawthorne, CA","US (CONUS)","","","","","","https://boards.greenhouse.io/spacex/jobs/8653850002?gh_jid=8653850002","cleared","active clearance"
"SpaceX","Greenhouse","Lead PCB Designer (Starshield)","Starshield Satellite Engineering","","Hawthorne, CA","US (CONUS)","","","","","","https://boards.greenhouse.io/spacex/jobs/8517596002?gh_jid=8517596002","cleared","ts/sci"
"SpaceX","Greenhouse","Lead Security Officer","Security - Starbase","","Starbase, TX","US (CONUS)","","","","","","https://boards.greenhouse.io/spacex/jobs/8622984002?gh_jid=8622984002","cleared","security clearance"
"SpaceX","Greenhouse","Lead Security Officer ","Security - Palo Alto","","Palo Alto, CA","US (CONUS)","","","","","","https://boards.greenhouse.io/spacex/jobs/8649378002?gh_jid=8649378002","cleared","security clearance"
"SpaceX","Greenhouse","Lead Security Officer ","Security - Memphis","","Memphis, TN","US (CONUS)","","","","","","https://boards.greenhouse.io/spacex/jobs/8627069002?gh_jid=8627069002","cleared","security clearance"
"SpaceX","Greenhouse","Lead Security Officer (Terafab) ","Security - McGregor","","Anderson, TX","US (CONUS)","","","","","","https://boards.greenhouse.io/spacex/jobs/8708523002?gh_jid=8708523002","cleared","security clearance"
"SpaceX","Greenhouse","Lead Software Engineer, Flight Systems - Top Secret Clearance","Special Programs","","Hawthorne, CA","US (CONUS)","","","","","","https://boards.greenhouse.io/spacex/jobs/8435966002?gh_jid=8435966002","cleared","top secret"
"SpaceX","Greenhouse","Lead Software Engineer, Full Stack - Top Secret Clearance","Special Programs","","Hawthorne, CA","US (CONUS)","","","","","","https://boards.greenhouse.io/spacex/jobs/8476329002?gh_jid=8476329002","cleared","top secret"
"SpaceX","Greenhouse","Loads & Dynamics Engineer (Starshield)","Falcon and Dragon Avionics & Software Engineering","","Hawthorne, CA","US (CONUS)","","","","","","https://boards.greenhouse.io/spacex/jobs/8536510002?gh_jid=8536510002","gov_customer","national security"
"SpaceX","Greenhouse","Manager, ASIC Design Engineering (Starshield Silicon)","Starshield Satellite Engineering","","Hawthorne, CA","US (CONUS)","","","","","","https://boards.greenhouse.io/spacex/jobs/8533239002?gh_jid=8533239002","cleared","ts-sci"
"SpaceX","Greenhouse","Manager, Data Center Hardware & Infrastructure (TS/SCI)","Information Technology - Corporate","","Hawthorne, CA","US (CONUS)","","","","","","https://boards.greenhouse.io/spacex/jobs/8738842002?gh_jid=8738842002","cleared","ts/sci"
"SpaceX","Greenhouse","Manager, NDE Operations (Starship Mechanisms)","Starship Mechanisms Technicians","","Hawthorne, CA","US (CONUS)","","","","","","https://boards.greenhouse.io/spacex/jobs/8701268002?gh_jid=8701268002","gov_customer","dod"
"SpaceX","Greenhouse","Manager, Security","Security - Redmond","","Redmond, WA","US (CONUS)","","","","","","https://boards.greenhouse.io/spacex/jobs/8698319002?gh_jid=8698319002","cleared","ts/sci"
"SpaceX","Greenhouse","Manager, Security","Security - Memphis","","Memphis, TN","US (CONUS)","","","","","","https://boards.greenhouse.io/spacex/jobs/8743962002?gh_jid=8743962002","cleared","ts/sci"
"SpaceX","Greenhouse","Manager, Starshield Account Management","Starshield Missions","","Washington, DC","US (CONUS)","","","","","","https://boards.greenhouse.io/spacex/jobs/8687815002?gh_jid=8687815002","cleared","active clearance"
"SpaceX","Greenhouse","Manufacturing Specialist (Starshield)","Starshield Production","","Hawthorne, CA","US (CONUS)","","","","","","https://boards.greenhouse.io/spacex/jobs/8600120002?gh_jid=8600120002","gov_customer","national security"
"SpaceX","Greenhouse","Mechanical Design Engineer (Falcon)","Falcon Engineering","","Hawthorne, CA","US (CONUS)","","","","","","https://boards.greenhouse.io/spacex/jobs/8681151002?gh_jid=8681151002","gov_customer","national security"
"SpaceX","Greenhouse","Mechanical Design Engineer (Starfall)","Starfall Engineering","","Hawthorne, CA","US (CONUS)","","","","","","https://boards.greenhouse.io/spacex/jobs/8626590002?gh_jid=8626590002","cleared","top secret"
"SpaceX","Greenhouse","Mechanical Engineer, Flight Termination System (Starship)  ","Components Test - Starship","","Hawthorne, CA","US (CONUS)","","","","","","https://boards.greenhouse.io/spacex/jobs/8604710002?gh_jid=8604710002","cleared","obtain atf explosives clearance"
"SpaceX","Greenhouse","Mechanical Engineer (Starshield)","Starshield Satellite Engineering","","Hawthorne, CA","US (CONUS)","","","","","","https://boards.greenhouse.io/spacex/jobs/8540372002?gh_jid=8540372002","cleared","top secret"
"SpaceX","Greenhouse","Mechanical Integration & Test Engineer (Starshield)","Starshield Production","","Hawthorne, CA","US (CONUS)","","","","","","https://boards.greenhouse.io/spacex/jobs/8501168002?gh_jid=8501168002","cleared","top secret"
"SpaceX","Greenhouse","Mission Integration Engineer, AI (Starshield) - Top Secret Clearance","Starshield AI Missions","","Hawthorne, CA","US (CONUS)","","","","","","https://boards.greenhouse.io/spacex/jobs/8569184002?gh_jid=8569184002","cleared","top secret"
"SpaceX","Greenhouse","Mission Integration Engineer, C3 - Top Secret Clearance","Special Programs","","Hawthorne, CA","US (CONUS)","","","","","","https://boards.greenhouse.io/spacex/jobs/8468689002?gh_jid=8468689002","cleared","top secret"
"SpaceX","Greenhouse","Mission Integration Engineer, Mission Systems (Starshield)","Starshield Missions","","Hawthorne, CA","US (CONUS)","","","","","","https://boards.greenhouse.io/spacex/jobs/8626679002?gh_jid=8626679002","cleared","top secret"
"SpaceX","Greenhouse","Mission Integration Engineer (Starshield)","Starshield Missions","","Hawthorne, CA","US (CONUS)","","","","","","https://boards.greenhouse.io/spacex/jobs/8771734002?gh_jid=8771734002","cleared","top secret"
"SpaceX","Greenhouse","Mission Integration Engineer, User Products (Starshield)","Starshield Missions","","Hawthorne, CA","US (CONUS)","","","","","","https://boards.greenhouse.io/spacex/jobs/8502375002?gh_jid=8502375002","cleared","top secret"
"SpaceX","Greenhouse","Mission Manager, Launch","Gov't & Commercial Mission Management","","Vandenberg, CA","US (CONUS)","","","","","","https://boards.greenhouse.io/spacex/jobs/8493040002?gh_jid=8493040002","cleared","top secret"
"SpaceX","Greenhouse","Mission Manager, Space Lasers (Starshield)","Starshield Missions","","Hawthorne, CA","US (CONUS)","","","","","","https://boards.greenhouse.io/spacex/jobs/8449201002?gh_jid=8449201002","cleared","top secret"
"SpaceX","Greenhouse","NDE Inspector, Certified Welding Inspector (CWI)","Starship NDE - Launch","","Starbase, TX","US (CONUS)","","","","","","https://boards.greenhouse.io/spacex/jobs/8557560002?gh_jid=8557560002","gov_customer","dod"
"SpaceX","Greenhouse","NDE Inspector (Starship)","Starship NDE - Production","","Starbase, TX","US (CONUS)","","","","","","https://boards.greenhouse.io/spacex/jobs/8565363002?gh_jid=8565363002","gov_customer","dod"
"SpaceX","Greenhouse","NDE Inspector (Starship)","Starship COPV Engineering","","Westminster, MD","US (CONUS)","","","","","","https://boards.greenhouse.io/spacex/jobs/8483539002?gh_jid=8483539002","gov_customer","dod"
"SpaceX","Greenhouse","NDE Inspector (Starship) - Digital Radiography ","Starship NDE - Production","","Starbase, TX","US (CONUS)","","","","","","https://boards.greenhouse.io/spacex/jobs/8628661002?gh_jid=8628661002","gov_customer","dod"
"SpaceX","Greenhouse","NDE Inspector (Starship) - Phased Array","Starship NDE - Production","","Starbase, TX","US (CONUS)","","","","","","https://boards.greenhouse.io/spacex/jobs/8628664002?gh_jid=8628664002","gov_customer","dod"
"SpaceX","Greenhouse","NDE Inspector Trainee (Starship) - Temporary","Starship NDE - Production","","Starbase, TX","US (CONUS)","","","","","","https://boards.greenhouse.io/spacex/jobs/8731136002?gh_jid=8731136002","gov_customer","dod"
"SpaceX","Greenhouse","NDE Level II Inspector, Certified Welding Inspector (Starship Mechanisms) - 1st Shift","Starship Mechanisms Technicians","","Hawthorne, CA","US (CONUS)","","","","","","https://boards.greenhouse.io/spacex/jobs/8594822002?gh_jid=8594822002","gov_customer","dod"
"SpaceX","Greenhouse","NDE Level II Inspector - Multiple Shifts","NonDestructive Evaluation - Operations","","Hawthorne, CA","US (CONUS)","","","","","","https://boards.greenhouse.io/spacex/jobs/8748892002?gh_jid=8748892002","gov_customer","dod"
"SpaceX","Greenhouse","NDE Level II Inspector (Starship Mechanisms)","Starship Mechanisms Technicians","","Hawthorne, CA","US (CONUS)","","","","","","https://boards.greenhouse.io/spacex/jobs/8594811002?gh_jid=8594811002","gov_customer","dod"
"SpaceX","Greenhouse","NDE Level II Inspector (Starship Mechanisms) - Split Shift","Starship Mechanisms Technicians","","Hawthorne, CA","US (CONUS)","","","","","","https://boards.greenhouse.io/spacex/jobs/8594825002?gh_jid=8594825002","gov_customer","dod"
"SpaceX","Greenhouse","New Graduate Engineer, Electrical (Starshield)","Starshield Satellite Engineering","","Hawthorne, CA","US (CONUS)","","","","","","https://boards.greenhouse.io/spacex/jobs/8483305002?gh_jid=8483305002","cleared","active clearance"
"SpaceX","Greenhouse","New Graduate Engineer, Manufacturing (Starshield)","Starshield Production","","Hawthorne, CA","US (CONUS)","","","","","","https://boards.greenhouse.io/spacex/jobs/8752547002?gh_jid=8752547002","cleared","top secret"
"SpaceX","Greenhouse","New Graduate Engineer, Mechanical (Starshield)","Starshield Satellite Engineering","","Hawthorne, CA","US (CONUS)","","","","","","https://boards.greenhouse.io/spacex/jobs/8493166002?gh_jid=8493166002","cleared","top secret"
"SpaceX","Greenhouse","New Graduate Engineer, Software","Starshield Software Engineering","","Hawthorne, CA","US (CONUS)","","","","","","https://boards.greenhouse.io/spacex/jobs/8493079002?gh_jid=8493079002","cleared","active clearance"
"SpaceX","Greenhouse","Optical Engineer (Starfall)","Falcon and Dragon Avionics & Software Engineering","","Hawthorne, CA","US (CONUS)","","","","","","https://boards.greenhouse.io/spacex/jobs/8748856002?gh_jid=8748856002","cleared","active clearance"
"SpaceX","Greenhouse","Optical Engineer (Starshield) ","Starshield Satellite Engineering","","Hawthorne, CA","US (CONUS)","","","","","","https://boards.greenhouse.io/spacex/jobs/8696622002?gh_jid=8696622002","cleared","active clearance"
"SpaceX","Greenhouse","OT Systems Engineer, Mission Systems","Information Technology - Business","","Cape Canaveral, FL","US (CONUS)","","","","","","https://boards.greenhouse.io/spacex/jobs/8679947002?gh_jid=8679947002","gov_customer","dod"
"SpaceX","Greenhouse","PCB Designer (Starshield)","Starshield Satellite Engineering","","Hawthorne, CA","US (CONUS)","","","","","","https://boards.greenhouse.io/spacex/jobs/8676063002?gh_jid=8676063002","cleared","ts/sci"
"SpaceX","Greenhouse","PCB Reliability Engineer (Starshield)","Starshield Satellite Engineering","","Hawthorne, CA","US (CONUS)","","","","","","https://boards.greenhouse.io/spacex/jobs/8569054002?gh_jid=8569054002","cleared","active clearance"
"SpaceX","Greenhouse","Physical Security Hardware Specialist","Security - Memphis","","Memphis, TN","US (CONUS)","","","","","","https://boards.greenhouse.io/spacex/jobs/8743978002?gh_jid=8743978002","gov_customer","department of defense"
"SpaceX","Greenhouse","Physical Security Hardware Specialist","Security - Hawthorne","","Hawthorne, CA","US (CONUS)","","","","","","https://boards.greenhouse.io/spacex/jobs/8691749002?gh_jid=8691749002","gov_customer","department of defense"
"SpaceX","Greenhouse","Physical Security Hardware Specialist ","Security - Vandenberg","","Vandenberg, CA","US (CONUS)","","","","","","https://boards.greenhouse.io/spacex/jobs/8643901002?gh_jid=8643901002","gov_customer","department of defense"
"SpaceX","Greenhouse","Physical Security Specialist","Security - Corporate","","Washington, DC","US (CONUS)","","","","","","https://boards.greenhouse.io/spacex/jobs/8621439002?gh_jid=8621439002","cleared","security clearance"
"SpaceX","Greenhouse","Principal AI Engineer, Special Programs","Starshield AI Engineering","","Palo Alto, CA","US (CONUS)","","","","","","https://boards.greenhouse.io/spacex/jobs/8572113002?gh_jid=8572113002","cleared","top secret"
"SpaceX","Greenhouse","Principal AI Engineer, Special Programs","Starshield AI Engineering","","Washington, DC","US (CONUS)","","","","","","https://boards.greenhouse.io/spacex/jobs/8572114002?gh_jid=8572114002","cleared","top secret"
"SpaceX","Greenhouse","Principal ASIC Design Engineer (Starshield)","Starshield Satellite Engineering","","Hawthorne, CA","US (CONUS)","","","","","","https://boards.greenhouse.io/spacex/jobs/8493125002?gh_jid=8493125002","cleared","ts-sci"
"SpaceX","Greenhouse","Principal Optical Engineer (Starfall)","Falcon and Dragon Avionics & Software Engineering","","Hawthorne, CA","US (CONUS)","","","","","","https://boards.greenhouse.io/spacex/jobs/8748880002?gh_jid=8748880002","cleared","active clearance"
"SpaceX","Greenhouse","Principal RF Engineer (Starshield)","Starshield Satellite Engineering","","Hawthorne, CA","US (CONUS)","","","","","","https://boards.greenhouse.io/spacex/jobs/8558471002?gh_jid=8558471002","cleared","top secret"
"SpaceX","Greenhouse","Principal RFIC Engineer (Starshield Silicon)","Starshield Satellite Engineering","","Hawthorne, CA","US (CONUS)","","","","","","https://boards.greenhouse.io/spacex/jobs/8717631002?gh_jid=8717631002","cleared","active clearance"
"SpaceX","Greenhouse","Principal RF Software Engineer (Starshield)","Starshield Satellite Engineering","","Hawthorne, CA","US (CONUS)","","","","","","https://boards.greenhouse.io/spacex/jobs/8650021002?gh_jid=8650021002","cleared","top secret"
"SpaceX","Greenhouse","Process Engineer (Starshield)","Starshield Production","","Hawthorne, CA","US (CONUS)","","","","","","https://boards.greenhouse.io/spacex/jobs/8657637002?gh_jid=8657637002","cleared","top secret"
"SpaceX","Greenhouse","Quality Inspector (Starshield)","Starlink - Supply Chain Engineering","","Hawthorne, CA","US (CONUS)","","","","","","https://boards.greenhouse.io/spacex/jobs/8674498002?gh_jid=8674498002","gov_customer","national security"
"SpaceX","Greenhouse","Reliability Engineer, Satellite Systems (Starshield)","Starshield Satellite Engineering","","Hawthorne, CA","US (CONUS)","","","","","","https://boards.greenhouse.io/spacex/jobs/8652841002?gh_jid=8652841002","cleared","ts/sci"
"SpaceX","Greenhouse","RF Engineer (Starshield)","Starshield Satellite Engineering","","Hawthorne, CA","US (CONUS)","","","","","","https://boards.greenhouse.io/spacex/jobs/8676060002?gh_jid=8676060002","cleared","top secret"
"SpaceX","Greenhouse","RFIC Engineer (Starshield Silicon) ","Starshield Satellite Engineering","","Hawthorne, CA","US (CONUS)","","","","","","https://boards.greenhouse.io/spacex/jobs/8545923002?gh_jid=8545923002","cleared","active clearance"
"SpaceX","Greenhouse","RFIC Layout Designer (Starshield Silicon)","Starshield Satellite Engineering","","Hawthorne, CA","US (CONUS)","","","","","","https://boards.greenhouse.io/spacex/jobs/8633381002?gh_jid=8633381002","cleared","active clearance"
"SpaceX","Greenhouse","RF Software Engineer (Starshield)","Starshield Satellite Engineering","","Hawthorne, CA","US (CONUS)","","","","","","https://boards.greenhouse.io/spacex/jobs/8517637002?gh_jid=8517637002","cleared","ts/sci"
"SpaceX","Greenhouse","Satellite Policy Associate (Starlink Regulatory Affairs)","Starlink Regulatory","","Washington, DC","US (CONUS)","","","","","","https://boards.greenhouse.io/spacex/jobs/8691084002?gh_jid=8691084002","gov_customer","federal agencies"
"SpaceX","Greenhouse","Security Concierge ","Security - Redmond","","Bellevue, WA","US (CONUS)","","","","","","https://boards.greenhouse.io/spacex/jobs/8753238002?gh_jid=8753238002","cleared","security clearance"
"SpaceX","Greenhouse","Security Concierge ","Security - Bastrop","","Austin, TX","US (CONUS)","","","","","","https://boards.greenhouse.io/spacex/jobs/8635665002?gh_jid=8635665002","cleared","security clearance"
"SpaceX","Greenhouse","Security Officer 3","Security - Hawthorne","","Hawthorne, CA","US (CONUS)","","","","","","https://boards.greenhouse.io/spacex/jobs/8600093002?gh_jid=8600093002","cleared","security clearance"
"SpaceX","Greenhouse","Security Officer 3","Security - Cape","","Cape Canaveral, FL","US (CONUS)","","","","","","https://boards.greenhouse.io/spacex/jobs/8600107002?gh_jid=8600107002","cleared","security clearance"
"SpaceX","Greenhouse","Security Officer 3","Security - Vandenberg","","Vandenberg, CA","US (CONUS)","","","","","","https://boards.greenhouse.io/spacex/jobs/8600112002?gh_jid=8600112002","cleared","ts/sci"
"SpaceX","Greenhouse","Security Officer 3","Security - Bastrop","","Bastrop, TX","US (CONUS)","","","","","","https://boards.greenhouse.io/spacex/jobs/8600048002?gh_jid=8600048002","cleared","security clearance"
"SpaceX","Greenhouse","Security Officer 3","Security - Bastrop","","Austin, TX","US (CONUS)","","","","","","https://boards.greenhouse.io/spacex/jobs/8684152002?gh_jid=8684152002","cleared","security clearance"
"SpaceX","Greenhouse","Security Officer 3","Security - McGregor","","McGregor, TX","US (CONUS)","","","","","","https://boards.greenhouse.io/spacex/jobs/8733698002?gh_jid=8733698002","cleared","security clearance"
"SpaceX","Greenhouse","Security Officer 3","Security - Starbase","","Starbase, TX","US (CONUS)","","","","","","https://boards.greenhouse.io/spacex/jobs/8600089002?gh_jid=8600089002","cleared","security clearance"
"SpaceX","Greenhouse","Security Officer 3 ","Security - Palo Alto","","Palo Alto, CA","US (CONUS)","","","","","","https://boards.greenhouse.io/spacex/jobs/8649254002?gh_jid=8649254002","cleared","security clearance"
"SpaceX","Greenhouse","Security Officer 3  ","Security - Memphis","","Memphis, TN","US (CONUS)","","","","","","https://boards.greenhouse.io/spacex/jobs/8635128002?gh_jid=8635128002","cleared","security clearance"
"SpaceX","Greenhouse","Security Operator 3","Security - Bastrop","","Austin, TX","US (CONUS)","","","","","","https://boards.greenhouse.io/spacex/jobs/8604881002?gh_jid=8604881002","cleared","security clearance"
"SpaceX","Greenhouse","Security Operator 3","Security - Redmond","","Bellevue, WA","US (CONUS)","","","","","","https://boards.greenhouse.io/spacex/jobs/8649800002?gh_jid=8649800002","cleared","security clearance"
"SpaceX","Greenhouse","Security Operator 3","Security - Memphis","","Memphis, TN","US (CONUS)","","","","","","https://boards.greenhouse.io/spacex/jobs/8743990002?gh_jid=8743990002","cleared","security clearance"
"SpaceX","Greenhouse","Security Software Engineer (Starshield)","Starshield Software Engineering","","Hawthorne, CA","US (CONUS)","","","","","","https://boards.greenhouse.io/spacex/jobs/8738670002?gh_jid=8738670002","cleared","top secret"
"SpaceX","Greenhouse","Security Software Engineer (Starshield)","Starshield Software Engineering","","Washington, DC","US (CONUS)","","","","","","https://boards.greenhouse.io/spacex/jobs/8738708002?gh_jid=8738708002","cleared","top secret"
"SpaceX","Greenhouse","Security Software Engineer - Top Secret Clearance","Special Programs","","Hawthorne, CA","US (CONUS)","","","","","","https://boards.greenhouse.io/spacex/jobs/8564158002?gh_jid=8564158002","cleared","top secret"
"SpaceX","Greenhouse","Security UAS Specialist","Security - Memphis","","Memphis, TN","US (CONUS)","","","","","","https://boards.greenhouse.io/spacex/jobs/8756754002?gh_jid=8756754002","gov_customer","department of defense"
"SpaceX","Greenhouse","Site Reliability Engineer, GNC","Falcon and Dragon Avionics & Software Engineering","","Hawthorne, CA","US (CONUS)","","","","","","https://boards.greenhouse.io/spacex/jobs/8527730002?gh_jid=8527730002","cleared","top secret"
"SpaceX","Greenhouse","Site Reliability Engineer, Kubernetes Platform (Starshield)","Starshield Software Engineering","","Hawthorne, CA","US (CONUS)","","","","","","https://boards.greenhouse.io/spacex/jobs/8597455002?gh_jid=8597455002","cleared","top secret"
"SpaceX","Greenhouse","Site Reliability Engineer, Kubernetes Platform (Starshield)","Starshield Software Engineering","","Redmond, WA","US (CONUS)","","","","","","https://boards.greenhouse.io/spacex/jobs/8597472002?gh_jid=8597472002","cleared","top secret"
"SpaceX","Greenhouse","Site Reliability Engineer - Top Secret Clearance","Special Programs","","Hawthorne, CA","US (CONUS)","","","","","","https://boards.greenhouse.io/spacex/jobs/8362795002?gh_jid=8362795002","cleared","top secret"
"SpaceX","Greenhouse","Site Reliability Engineer (Top Secret Clearance)","Information Technology - Corporate","","Hawthorne, CA","US (CONUS)","","","","","","https://boards.greenhouse.io/spacex/jobs/8601223002?gh_jid=8601223002","cleared","top secret"
"SpaceX","Greenhouse","Software Engineer, Collision Avoidance (Starshield)","Starshield Hardware Development","","Hawthorne, CA","US (CONUS)","","","","","","https://boards.greenhouse.io/spacex/jobs/8749208002?gh_jid=8749208002","cleared","top secret"
"SpaceX","Greenhouse","Software Engineer, Components (Starshield)","Components Test - Starshield","","Hawthorne, CA","US (CONUS)","","","","","","https://boards.greenhouse.io/spacex/jobs/8625617002?gh_jid=8625617002","cleared","active clearance"
"SpaceX","Greenhouse","Software Engineer, Components Test (Starshield)","Components Test - Starshield","","Hawthorne, CA","US (CONUS)","","","","","","https://boards.greenhouse.io/spacex/jobs/8625615002?gh_jid=8625615002","cleared","active clearance"
"SpaceX","Greenhouse","Software Engineer, Data - Top Secret Clearance (Starlink)","Starlink Network Engineering","","Hawthorne, CA","US (CONUS)","","","","","","https://boards.greenhouse.io/spacex/jobs/8640537002?gh_jid=8640537002","cleared","ts/sci"
"SpaceX","Greenhouse","Software Engineer, Embedded Software (Starshield)","Starshield Software Engineering","","Hawthorne, CA","US (CONUS)","","","","","","https://boards.greenhouse.io/spacex/jobs/8436708002?gh_jid=8436708002","cleared","top secret"
"SpaceX","Greenhouse","Software Engineer, Flight Software C++ (Starshield)","Starshield Software Engineering","","Hawthorne, CA","US (CONUS)","","","","","","https://boards.greenhouse.io/spacex/jobs/8593183002?gh_jid=8593183002","cleared","top secret"
"SpaceX","Greenhouse","Software Engineer, Hardware Test & Automation (Starshield)","Starshield Production","","Hawthorne, CA","US (CONUS)","","","","","","https://boards.greenhouse.io/spacex/jobs/8574243002?gh_jid=8574243002","cleared","top-secret"
"SpaceX","Greenhouse","Software Engineer, High Performance Computing","Starshield Software Engineering","","Hawthorne, CA","US (CONUS)","","","","","","https://boards.greenhouse.io/spacex/jobs/8621463002?gh_jid=8621463002","cleared","top secret"
"SpaceX","Greenhouse","Software Engineer, HITL - Top Secret Clearance","Special Programs","","Hawthorne, CA","US (CONUS)","","","","","","https://boards.greenhouse.io/spacex/jobs/8749210002?gh_jid=8749210002","cleared","top secret"
"SpaceX","Greenhouse","Software Engineer, Product Development (Starshield)","Starshield Software Engineering","","Hawthorne, CA","US (CONUS)","","","","","","https://boards.greenhouse.io/spacex/jobs/8621621002?gh_jid=8621621002","cleared","top secret"
"SpaceX","Greenhouse","Software Engineer, Product Development (Starshield)","Starshield Software Engineering","","Hawthorne, CA","US (CONUS)","","","","","","https://boards.greenhouse.io/spacex/jobs/8436728002?gh_jid=8436728002","cleared","top secret"
"SpaceX","Greenhouse","Software Engineer, Satellite Systems (Starshield)","Starshield Software Engineering","","Hawthorne, CA","US (CONUS)","","","","","","https://boards.greenhouse.io/spacex/jobs/8621508002?gh_jid=8621508002","cleared","top secret"
"SpaceX","Greenhouse","Software Engineer - Simulation & Flight Systems","Special Programs","","Hawthorne, CA","US (CONUS)","","","","","","https://boards.greenhouse.io/spacex/jobs/8735368002?gh_jid=8735368002","cleared","top secret"
"SpaceX","Greenhouse","Software Engineer (Special Projects) - Top Secret Clearance","Falcon and Dragon Avionics & Software Engineering","","Hawthorne, CA","US (CONUS)","","","","","","https://boards.greenhouse.io/spacex/jobs/8568970002?gh_jid=8568970002","cleared","ts/sci"
"SpaceX","Greenhouse","Software Engineer (Starshield)","Starshield Software Engineering","","Hawthorne, CA","US (CONUS)","","","","","","https://boards.greenhouse.io/spacex/jobs/8605075002?gh_jid=8605075002","cleared","top secret"
"SpaceX","Greenhouse","Software Engineer (Starshield)","Starshield Software Engineering","","Redmond, WA","US (CONUS)","","","","","","https://boards.greenhouse.io/spacex/jobs/8501199002?gh_jid=8501199002","cleared","top secret"
"SpaceX","Greenhouse","Software Engineer (Starshield) - Top Secret Clearance","Starshield Software Engineering","","Hawthorne, CA","US (CONUS)","","","","","","https://boards.greenhouse.io/spacex/jobs/8621649002?gh_jid=8621649002","cleared","top secret"
"SpaceX","Greenhouse","Software Engineer, Telemetry - Top Secret Clearance (Starlink)","Starlink Network Engineering","","Hawthorne, CA","US (CONUS)","","","","","","https://boards.greenhouse.io/spacex/jobs/8656274002?gh_jid=8656274002","cleared","ts/sci"
"SpaceX","Greenhouse","Software Engineer, Tracking (Starshield)","Starshield Satellite Engineering","","Hawthorne, CA","US (CONUS)","","","","","","https://boards.greenhouse.io/spacex/jobs/8749199002?gh_jid=8749199002","cleared","top secret"
"SpaceX","Greenhouse","Software Engineer, Vehicle Operations (Starshield)","Starshield Satellite Engineering","","Hawthorne, CA","US (CONUS)","","","","","","https://boards.greenhouse.io/spacex/jobs/8609228002?gh_jid=8609228002","cleared","top secret"
"SpaceX","Greenhouse","Sourcing Manager, PCB/PCBA (Starshield)","Starshield - Supply Chain","","Hawthorne, CA","US (CONUS)","","","","","","https://boards.greenhouse.io/spacex/jobs/8719852002?gh_jid=8719852002","gov_customer","national security"
"SpaceX","Greenhouse","Sourcing Specialist, PCB/PCBA (Starshield)","Starshield - Supply Chain","","Hawthorne, CA","US (CONUS)","","","","","","https://boards.greenhouse.io/spacex/jobs/8758375002?gh_jid=8758375002","gov_customer","national security"
"SpaceX","Greenhouse","Spaceport Integration Manager ","Launch Spaceport Integration","","Cape Canaveral, FL","US (CONUS)","","","","","","https://boards.greenhouse.io/spacex/jobs/8641926002?gh_jid=8641926002","cleared","top secret"
"SpaceX","Greenhouse","Sr. AI Engineer, Platform Infrastructure, Special Programs","Starshield AI Engineering","","Washington, DC","US (CONUS)","","","","","","https://boards.greenhouse.io/spacex/jobs/8557262002?gh_jid=8557262002","cleared","top secret"
"SpaceX","Greenhouse","Sr. AI Engineer, Platform Infrastructure, Special Programs","Starshield AI Engineering","","Palo Alto, CA","US (CONUS)","","","","","","https://boards.greenhouse.io/spacex/jobs/8557126002?gh_jid=8557126002","cleared","top secret"
"SpaceX","Greenhouse","Sr. AI Engineer, Special Programs","Starshield AI Engineering","","Palo Alto, CA","US (CONUS)","","","","","","https://boards.greenhouse.io/spacex/jobs/8557060002?gh_jid=8557060002","cleared","top secret"
"SpaceX","Greenhouse","Sr. AI Engineer, Special Programs","Starshield AI Engineering","","Washington, DC","US (CONUS)","","","","","","https://boards.greenhouse.io/spacex/jobs/8557268002?gh_jid=8557268002","cleared","top secret"
"SpaceX","Greenhouse","Sr. AI Engineer, Special Programs - Top Secret Clearance","Starshield AI Engineering","","Palo Alto, CA","US (CONUS)","","","","","","https://boards.greenhouse.io/spacex/jobs/8557093002?gh_jid=8557093002","cleared","top secret"
"SpaceX","Greenhouse","Sr. AI Engineer, Special Programs - Top Secret Clearance","Starshield AI Engineering","","Washington, DC","US (CONUS)","","","","","","https://boards.greenhouse.io/spacex/jobs/8557272002?gh_jid=8557272002","cleared","top secret"
"SpaceX","Greenhouse","Sr. Antenna Engineer (Starship)","Starship Electronics","","Hawthorne, CA","US (CONUS)","","","","","","https://boards.greenhouse.io/spacex/jobs/8533743002?gh_jid=8533743002","cleared","active clearance"
"SpaceX","Greenhouse","Sr. ASIC Design Engineer (Starshield) ","Starshield Satellite Engineering","","Hawthorne, CA","US (CONUS)","","","","","","https://boards.greenhouse.io/spacex/jobs/8492998002?gh_jid=8492998002","cleared","ts-sci"
"SpaceX","Greenhouse","Sr. Avionics Test Engineer (Starshield)","Components Test - Starshield","","Hawthorne, CA","US (CONUS)","","","","","","https://boards.greenhouse.io/spacex/jobs/8594333002?gh_jid=8594333002","cleared","top secret"
"SpaceX","Greenhouse","Sr. Classified Cyber Assurance Analyst","Government Security Programs","","Hawthorne, CA","US (CONUS)","","","","","","https://boards.greenhouse.io/spacex/jobs/8594632002?gh_jid=8594632002","cleared","top secret"
"SpaceX","Greenhouse","Sr. Design Criteria Engineer (Starshield)","Starshield Satellite Engineering","","Hawthorne, CA","US (CONUS)","","","","","","https://boards.greenhouse.io/spacex/jobs/8614287002?gh_jid=8614287002","cleared","top secret"
"SpaceX","Greenhouse","Sr. Electrical Design Engineer (Starshield)","Starshield Satellite Engineering","","Hawthorne, CA","US (CONUS)","","","","","","https://boards.greenhouse.io/spacex/jobs/8517504002?gh_jid=8517504002","cleared","ts/sci"
"SpaceX","Greenhouse","Sr. Government Affairs Manager","Global Business & Government Affairs","","Washington, DC","US (CONUS)","","","","","","https://boards.greenhouse.io/spacex/jobs/8536770002?gh_jid=8536770002","gov_customer","federal government"
"SpaceX","Greenhouse","Sr. Government Program Development Manager (Government Compute/ Intelligence Community)","Global Business & Government Affairs","","Washington, DC","US (CONUS)","","","","","","https://boards.greenhouse.io/spacex/jobs/8647025002?gh_jid=8647025002","cleared","top secret"
"SpaceX","Greenhouse","Sr. Hardware Reliability Engineer, Electrical (Starshield)  ","Starshield Production","","Hawthorne, CA","US (CONUS)","","","","","","https://boards.greenhouse.io/spacex/jobs/8625580002?gh_jid=8625580002","cleared","top secret"
"SpaceX","Greenhouse","Sr. High Performance Computing (HPC) Systems Engineer","Falcon and Dragon Avionics & Software Engineering","","Starbase, TX","US (CONUS)","","","","","","https://boards.greenhouse.io/spacex/jobs/8627595002?gh_jid=8627595002","cleared","ts/sci"
"SpaceX","Greenhouse","Sr. High Performance Computing (HPC) Systems Engineer","Falcon and Dragon Avionics & Software Engineering","","Hawthorne, CA","US (CONUS)","","","","","","https://boards.greenhouse.io/spacex/jobs/8627593002?gh_jid=8627593002","cleared","ts/sci"
"SpaceX","Greenhouse","Sr. IT Systems Administrator (Top Secret Clearance)","Information Technology - Corporate","","Washington, DC","US (CONUS)","","","","","","https://boards.greenhouse.io/spacex/jobs/8601161002?gh_jid=8601161002","cleared","ts/sci"
"SpaceX","Greenhouse","Sr. Manager, Security","Security - Memphis","","Memphis, TN","US (CONUS)","","","","","","https://boards.greenhouse.io/spacex/jobs/8694471002?gh_jid=8694471002","cleared","ts/sci"
"SpaceX","Greenhouse","Sr. Manager, Security Hardware","Security - Corporate","","Hawthorne, CA","US (CONUS)","","","","","","https://boards.greenhouse.io/spacex/jobs/8657639002?gh_jid=8657639002","cleared","ts/sci"
"SpaceX","Greenhouse","Sr. Mechanical Design Engineer (Starfall)","Starfall Engineering","","Hawthorne, CA","US (CONUS)","","","","","","https://boards.greenhouse.io/spacex/jobs/8735057002?gh_jid=8735057002","cleared","top secret"
"SpaceX","Greenhouse","Sr. Mechanical Engineer, Flight Termination System (Starship)","Components Test - Starship","","Hawthorne, CA","US (CONUS)","","","","","","https://boards.greenhouse.io/spacex/jobs/8604752002?gh_jid=8604752002","cleared","obtain atf explosives clearance"
"SpaceX","Greenhouse","Sr. Mechanical Integration & Test Engineer (Starshield)","Starshield Production","","Hawthorne, CA","US (CONUS)","","","","","","https://boards.greenhouse.io/spacex/jobs/8546120002?gh_jid=8546120002","cleared","top secret"
"SpaceX","Greenhouse","Sr. Network Engineer (Starshield)","Starshield Software Engineering","","Hawthorne, CA","US (CONUS)","","","","","","https://boards.greenhouse.io/spacex/jobs/8609666002?gh_jid=8609666002","cleared","top secret"
"SpaceX","Greenhouse","Sr. Network Engineer (Starshield)","Starshield Software Engineering","","Redmond, WA","US (CONUS)","","","","","","https://boards.greenhouse.io/spacex/jobs/8609670002?gh_jid=8609670002","cleared","top secret"
"SpaceX","Greenhouse","Sr. Optical Engineer (Starfall)","Falcon & Dragon Hardware Supply Chain","","Hawthorne, CA","US (CONUS)","","","","","","https://boards.greenhouse.io/spacex/jobs/8748858002?gh_jid=8748858002","cleared","active clearance"
"SpaceX","Greenhouse","Sr. PCB Designer","Starshield Satellite Engineering","","Hawthorne, CA","US (CONUS)","","","","","","https://boards.greenhouse.io/spacex/jobs/8450147002?gh_jid=8450147002","cleared","top secret"
"SpaceX","Greenhouse","Sr. Physical Security Hardware Specialist","Security - Palo Alto","","Palo Alto, CA","US (CONUS)","","","","","","https://boards.greenhouse.io/spacex/jobs/8694862002?gh_jid=8694862002","gov_customer","department of defense"
"SpaceX","Greenhouse","Sr. RF Engineer (Starshield)","Starshield Satellite Engineering","","Hawthorne, CA","US (CONUS)","","","","","","https://boards.greenhouse.io/spacex/jobs/8521153002?gh_jid=8521153002","cleared","top secret"
"SpaceX","Greenhouse","Sr. RFIC Engineer (Starshield)","Starshield Satellite Engineering","","Hawthorne, CA","US (CONUS)","","","","","","https://boards.greenhouse.io/spacex/jobs/8567083002?gh_jid=8567083002","cleared","active clearance"
"SpaceX","Greenhouse","Sr. RFIC Layout Designer (Starshield Silicon)","Starshield Satellite Engineering","","Hawthorne, CA","US (CONUS)","","","","","","https://boards.greenhouse.io/spacex/jobs/8633426002?gh_jid=8633426002","cleared","active clearance"
"SpaceX","Greenhouse","Sr. RF Software Engineer (Starshield)","Starshield Satellite Engineering","","Hawthorne, CA","US (CONUS)","","","","","","https://boards.greenhouse.io/spacex/jobs/8573920002?gh_jid=8573920002","cleared","ts/sci"
"SpaceX","Greenhouse","Sr. Satellite Policy Associate (Starlink Regulatory Affairs)","Starlink Regulatory","","Washington, DC","US (CONUS)","","","","","","https://boards.greenhouse.io/spacex/jobs/8750691002?gh_jid=8750691002","gov_customer","federal agencies"
"SpaceX","Greenhouse","Sr. Security Software Enginer (Starshield)","Starshield Software Engineering","","Hawthorne, CA","US (CONUS)","","","","","","https://boards.greenhouse.io/spacex/jobs/8738721002?gh_jid=8738721002","cleared","top secret"
"SpaceX","Greenhouse","Sr. Security Software Enginer (Starshield)","Starshield Software Engineering","","Washington, DC","US (CONUS)","","","","","","https://boards.greenhouse.io/spacex/jobs/8738736002?gh_jid=8738736002","cleared","top secret"
"SpaceX","Greenhouse","Sr. Site Reliability Engineer (Starshield)","Starshield Software Engineering","","Hawthorne, CA","US (CONUS)","","","","","","https://boards.greenhouse.io/spacex/jobs/8597497002?gh_jid=8597497002","cleared","top secret"
"SpaceX","Greenhouse","Sr. Site Reliability Engineer (Starshield)","Starshield Software Engineering","","Redmond, WA","US (CONUS)","","","","","","https://boards.greenhouse.io/spacex/jobs/8597536002?gh_jid=8597536002","cleared","top secret"
"SpaceX","Greenhouse","Sr. Site Reliability Engineer (Starshield)","Starshield Software Engineering","","Washington, DC","US (CONUS)","","","","","","https://boards.greenhouse.io/spacex/jobs/8597547002?gh_jid=8597547002","cleared","top secret"
"SpaceX","Greenhouse","Sr. Site Reliability Engineer - Top Secret Clearance (Starlink)   ","Starlink Network Engineering","","Hawthorne, CA","US (CONUS)","","","","","","https://boards.greenhouse.io/spacex/jobs/8640515002?gh_jid=8640515002","cleared","ts/sci"
"SpaceX","Greenhouse","Sr. Site Reliability Engineer - Top Secret Clearance (Starlink)   ","Starlink Network Engineering","","Redmond, WA","US (CONUS)","","","","","","https://boards.greenhouse.io/spacex/jobs/8701706002?gh_jid=8701706002","cleared","ts/sci"
"SpaceX","Greenhouse","Sr. Software Engineer, Components Test (Starshield)","Components Test - Starshield","","Hawthorne, CA","US (CONUS)","","","","","","https://boards.greenhouse.io/spacex/jobs/8568934002?gh_jid=8568934002","cleared","active clearance"
"SpaceX","Greenhouse","Sr. Software Engineer, Hardware Test & Automation (Starshield)","Starshield Production","","Hawthorne, CA","US (CONUS)","","","","","","https://boards.greenhouse.io/spacex/jobs/8546146002?gh_jid=8546146002","cleared","top-secret"
"SpaceX","Greenhouse","Sr. Software Engineer, HITL - Top Secret Clearance","Special Programs","","Hawthorne, CA","US (CONUS)","","","","","","https://boards.greenhouse.io/spacex/jobs/8749217002?gh_jid=8749217002","cleared","top secret"
"SpaceX","Greenhouse","Sr. Software Engineer (Special Projects) - Top Secret Clearance","Falcon and Dragon Avionics & Software Engineering","","Hawthorne, CA","US (CONUS)","","","","","","https://boards.greenhouse.io/spacex/jobs/8568980002?gh_jid=8568980002","cleared","ts/sci"
"SpaceX","Greenhouse","Sr. Software Engineer (Starshield)","Starshield Software Engineering","","Hawthorne, CA","US (CONUS)","","","","","","https://boards.greenhouse.io/spacex/jobs/8684403002?gh_jid=8684403002","cleared","top secret"
"SpaceX","Greenhouse","Sr. Sourcing Specialist, PCB/PCBA (Starshield)","Starshield - Supply Chain","","Hawthorne, CA","US (CONUS)","","","","","","https://boards.greenhouse.io/spacex/jobs/8719838002?gh_jid=8719838002","gov_customer","national security"
"SpaceX","Greenhouse","Sr. Supplier Development Engineer (Starshield)","Starshield - Supply Chain","","Hawthorne, CA","US (CONUS)","","","","","","https://boards.greenhouse.io/spacex/jobs/8586113002?gh_jid=8586113002","cleared","top secret"
"SpaceX","Greenhouse","Starlink Account Lead (State & Local Government)","Starlink Enterprise Sales & Account Management","","Hawthorne, CA","US (CONUS)","","","","","","https://boards.greenhouse.io/spacex/jobs/8480140002?gh_jid=8480140002","gov_customer","public sector"
"SpaceX","Greenhouse","Starlink Account Manager (Canadian Federal)","Starlink Enterprise Sales & Account Management","","Redmond, WA","US (CONUS)","","","","","","https://boards.greenhouse.io/spacex/jobs/8727059002?gh_jid=8727059002","gov_customer","federal government"
"SpaceX","Greenhouse","Starlink Account Manager (Canadian Federal)","Starlink Enterprise Sales & Account Management","","Washington, DC","US (CONUS)","","","","","","https://boards.greenhouse.io/spacex/jobs/8727400002?gh_jid=8727400002","gov_customer","federal government"
"SpaceX","Greenhouse","Starlink Account Manager (State & Local Government)","Starlink Enterprise Sales & Account Management","","Bastrop, TX","US (CONUS)","","","","","","https://boards.greenhouse.io/spacex/jobs/8727052002?gh_jid=8727052002","gov_customer","public sector"
"SpaceX","Greenhouse","Starlink Account Manager (State & Local Government)","Starlink Enterprise Sales & Account Management","","Hawthorne, CA","US (CONUS)","","","","","","https://boards.greenhouse.io/spacex/jobs/8727043002?gh_jid=8727043002","gov_customer","public sector"
"SpaceX","Greenhouse","Starlink Account Manager (US Federal)","Starlink Enterprise Sales & Account Management","","Hawthorne, CA","US (CONUS)","","","","","","https://boards.greenhouse.io/spacex/jobs/8675291002?gh_jid=8675291002","gov_customer","federal government"
"SpaceX","Greenhouse","Starlink Account Manager (US Federal)","Starlink Enterprise Sales & Account Management","","Washington, DC","US (CONUS)","","","","","","https://boards.greenhouse.io/spacex/jobs/8675298002?gh_jid=8675298002","gov_customer","federal government"
"SpaceX","Greenhouse","Supervisor, Development (Starshield)","Starshield Production","","Hawthorne, CA","US (CONUS)","","","","","","https://boards.greenhouse.io/spacex/jobs/8735350002?gh_jid=8735350002","gov_customer","national security"
"SpaceX","Greenhouse","Supervisor, NDE Operations (Starship)","Starship NDE - Production","","Starbase, TX","US (CONUS)","","","","","","https://boards.greenhouse.io/spacex/jobs/8578079002?gh_jid=8578079002","gov_customer","dod"
"SpaceX","Greenhouse","Supervisor, NDE Operations (Starship) - Nights","Starship NDE - Production","","Starbase, TX","US (CONUS)","","","","","","https://boards.greenhouse.io/spacex/jobs/8580469002?gh_jid=8580469002","gov_customer","dod"
"SpaceX","Greenhouse","Supervisor, Security","Security - Memphis","","Memphis, TN","US (CONUS)","","","","","","https://boards.greenhouse.io/spacex/jobs/8606552002?gh_jid=8606552002","cleared","security clearance"
"SpaceX","Greenhouse","Supervisor, Security","Security - Starbase","","Starbase, TX","US (CONUS)","","","","","","https://boards.greenhouse.io/spacex/jobs/8604744002?gh_jid=8604744002","cleared","security clearance"
"SpaceX","Greenhouse","Supervisor, Security Protective Operations Center","Security - Hawthorne","","Hawthorne, CA","US (CONUS)","","","","","","https://boards.greenhouse.io/spacex/jobs/8612130002?gh_jid=8612130002","cleared","security clearance"
"SpaceX","Greenhouse","Supplier Development Engineer, Harnessing (Starshield)","Starshield - Supply Chain","","Hawthorne, CA","US (CONUS)","","","","","","https://boards.greenhouse.io/spacex/jobs/8568157002?gh_jid=8568157002","gov_customer","national security"
"SpaceX","Greenhouse","Supplier Development Engineer, PCB/PCBA (Starshield)","Starshield - Supply Chain","","Hawthorne, CA","US (CONUS)","","","","","","https://boards.greenhouse.io/spacex/jobs/8719843002?gh_jid=8719843002","gov_customer","national security"
"SpaceX","Greenhouse","Supplier Quality Specialist (Starshield)","Starshield - Supply Chain","","Hawthorne, CA","US (CONUS)","","","","","","https://boards.greenhouse.io/spacex/jobs/8573357002?gh_jid=8573357002","gov_customer","national security"
"SpaceX","Greenhouse","Technical Satellite Policy Analyst","Starlink Regulatory","","Washington, DC","US (CONUS)","","","","","","https://boards.greenhouse.io/spacex/jobs/8438476002?gh_jid=8438476002","gov_customer","federal agencies"
"SpaceX","Greenhouse","Test Specialist, Avionics (Starshield)","Starshield Production","","Hawthorne, CA","US (CONUS)","","","","","","https://boards.greenhouse.io/spacex/jobs/8473166002?gh_jid=8473166002","gov_customer","national security"
"SpaceX","Greenhouse","Test Specialist, Components (Starshield)","Starshield Production","","Hawthorne, CA","US (CONUS)","","","","","","https://boards.greenhouse.io/spacex/jobs/8537897002?gh_jid=8537897002","gov_customer","national security"
